pair_key,acquisition_utc,year,doy,hhmm,vnp14_count,vnp03_count,vnp14_path,vnp03_path,pair_status,outcome_status,opportunity_status,negative_frame_status
2015001.0548,2015-01-01T05:48:00Z,2015,1,0548,1,1,data/raw/viirs/VNP14IMG/VNP14IMG.A2015001.0548.002.2024151022549.nc,data/raw/viirs/VNP03IMG/VNP03IMG.A2015001.0548.002.2021033131743.nc,paired,active_fire_product_present,eligible_for_geolocation_processing,not_built
2015001.0554,2015-01-01T05:54:00Z,2015,1,0554,1,1,data/raw/viirs/VNP14IMG/VNP14IMG.A2015001.0554.002.2024151022552.nc,data/raw/viirs/VNP03IMG/VNP03IMG.A2015001.0554.002.2021033130758.nc,paired,active_fire_product_present,eligible_for_geolocation_processing,not_built
2015001.1648,2015-01-01T16:48:00Z,2015,1,1648,1,1,data/raw/viirs/VNP14IMG/VNP14IMG.A2015001.1648.002.2024151022555.nc,data/raw/viirs/VNP03IMG/VNP03IMG.A2015001.1648.002.2021033132345.nc,paired,active_fire_product_present,eligible_for_geolocation_processing,not_built
2015001.1654,2015-01-01T16:54:00Z,2015,1,1654,1,1,data/raw/viirs/VNP14IMG/VNP14IMG.A2015001.1654.002.2024151022557.nc,data/raw/viirs/VNP03IMG/VNP03IMG.A2015001.1654.002.2021033133216.nc,paired,active_fire_product_present,eligible_for_geolocation_processing,not_built
2015001.1830,2015-01-01T18:30:00Z,2015,1,1830,1,1,data/raw/viirs/VNP14IMG/VNP14IMG.A2015001.1830.002.2024151022601.nc,data/raw/viirs/VNP03IMG/VNP03IMG.A2015001.1830.002.2021033131611.nc,paired,active_fire_product_present,eligible_for_geolocation_processing,not_built
2015001.1836,2015-01-01T18:36:00Z,2015,1,1836,1,1,data/raw/viirs/VNP14IMG/VNP14IMG.A2015001.1836.002.2024151022600.nc,data/raw/viirs/VNP03IMG/VNP03IMG.A2015001.1836.002.2021033132153.nc,paired,active_fire_product_present,eligible_for_geolocation_processing,not_built
2015002.0530,2015-01-02T05:30:00Z,2015,2,0530,1,1,data/raw/viirs/VNP14IMG/VNP14IMG.A2015002.0530.002.2024151022918.nc,data/raw/viirs/VNP03IMG/VNP03IMG.A2015002.0530.002.2021033134604.nc,paired,active_fire_product_present,eligible_for_geolocation_processing,not_built
2015002.0536,2015-01-02T05:36:00Z,2015,2,0536,1,1,data/raw/viirs/VNP14IMG/VNP14IMG.A2015002.0536.002.2024151022915.nc,data/raw/viirs/VNP03IMG/VNP03IMG.A2015002.0536.002.2021033132845.nc,paired,active_fire_product_present,eligible_for_geolocation_processing,not_built
2015002.0712,2015-01-02T07:12:00Z,2015,2,0712,1,1,data/raw/viirs/VNP14IMG/VNP14IMG.A2015002.0712.002.2024151022948.nc,data/raw/viirs/VNP03IMG/VNP03IMG.A2015002.0712.002.2021033141531.nc,paired,active_fire_product_present,eligible_for_geolocation_processing,not_built
2015002.1630,2015-01-02T16:30:00Z,2015,2,1630,1,1,data/raw/viirs/VNP14IMG/VNP14IMG.A2015002.1630.002.2024151023226.nc,data/raw/viirs/VNP03IMG/VNP03IMG.A2015002.1630.002.2021033133350.nc,paired,active_fire_product_present,eligible_for_geolocation_processing,not_built
2015182.0554,2015-07-01T05:54:00Z,2015,182,0554,1,1,data/raw/viirs/VNP14IMG/VNP14IMG.A2015182.0554.002.2024064161121.nc,data/raw/viirs/VNP03IMG/VNP03IMG.A2015182.0554.002.2021040075533.nc,paired,active_fire_product_present,eligible_for_geolocation_processing,not_built
2015182.1654,2015-07-01T16:54:00Z,2015,182,1654,1,1,data/raw/viirs/VNP14IMG/VNP14IMG.A2015182.1654.002.2024064161205.nc,data/raw/viirs/VNP03IMG/VNP03IMG.A2015182.1654.002.2021040082508.nc,paired,active_fire_product_present,eligible_for_geolocation_processing,not_built
2015182.1830,2015-07-01T18:30:00Z,2015,182,1830,1,1,data/raw/viirs/VNP14IMG/VNP14IMG.A2015182.1830.002.2024064161205.nc,data/raw/viirs/VNP03IMG/VNP03IMG.A2015182.1830.002.2021040083035.nc,paired,active_fire_product_present,eligible_for_geolocation_processing,not_built
2015182.1836,2015-07-01T18:36:00Z,2015,182,1836,1,1,data/raw/viirs/VNP14IMG/VNP14IMG.A2015182.1836.002.2024064161109.nc,data/raw/viirs/VNP03IMG/VNP03IMG.A2015182.1836.002.2021040082032.nc,paired,active_fire_product_present,eligible_for_geolocation_processing,not_built
2015183.0536,2015-07-02T05:36:00Z,2015,183,0536,1,1,data/raw/viirs/VNP14IMG/VNP14IMG.A2015183.0536.002.2024064171807.nc,data/raw/viirs/VNP03IMG/VNP03IMG.A2015183.0536.002.2021040082525.nc,paired,active_fire_product_present,eligible_for_geolocation_processing,not_built
2015183.1636,2015-07-02T16:36:00Z,2015,183,1636,1,1,data/raw/viirs/VNP14IMG/VNP14IMG.A2015183.1636.002.2024064171839.nc,data/raw/viirs/VNP03IMG/VNP03IMG.A2015183.1636.002.2021040084850.nc,paired,active_fire_product_present,eligible_for_geolocation_processing,not_built
2015183.1812,2015-07-02T18:12:00Z,2015,183,1812,1,1,data/raw/viirs/VNP14IMG/VNP14IMG.A2015183.1812.002.2024064171818.nc,data/raw/viirs/VNP03IMG/VNP03IMG.A2015183.1812.002.2021040084752.nc,paired,active_fire_product_present,eligible_for_geolocation_processing,not_built
2015183.1818,2015-07-02T18:18:00Z,2015,183,1818,1,1,data/raw/viirs/VNP14IMG/VNP14IMG.A2015183.1818.002.2024064171838.nc,data/raw/viirs/VNP03IMG/VNP03IMG.A2015183.1818.002.2021040084537.nc,paired,active_fire_product_present,eligible_for_geolocation_processing,not_built
2015184.0518,2015-07-03T05:18:00Z,2015,184,0518,1,1,data/raw/viirs/VNP14IMG/VNP14IMG.A2015184.0518.002.2024064183014.nc,data/raw/viirs/VNP03IMG/VNP03IMG.A2015184.0518.002.2021040084330.nc,paired,active_fire_product_present,eligible_for_geolocation_processing,not_built
2015184.0654,2015-07-03T06:54:00Z,2015,184,0654,1,1,data/raw/viirs/VNP14IMG/VNP14IMG.A2015184.0654.002.2024064183029.nc,data/raw/viirs/VNP03IMG/VNP03IMG.A2015184.0654.002.2021040085042.nc,paired,active_fire_product_present,eligible_for_geolocation_processing,not_built
2015184.0700,2015-07-03T07:00:00Z,2015,184,0700,1,1,data/raw/viirs/VNP14IMG/VNP14IMG.A2015184.0700.002.2024064183029.nc,data/raw/viirs/VNP03IMG/VNP03IMG.A2015184.0700.002.2021040084700.nc,paired,active_fire_product_present,eligible_for_geolocation_processing,not_built
2015184.1754,2015-07-03T17:54:00Z,2015,184,1754,1,1,data/raw/viirs/VNP14IMG/VNP14IMG.A2015184.1754.002.2024064183255.nc,data/raw/viirs/VNP03IMG/VNP03IMG.A2015184.1754.002.2021040090725.nc,paired,active_fire_product_present,eligible_for_geolocation_processing,not_built
2015184.1800,2015-07-03T18:00:00Z,2015,184,1800,1,1,data/raw/viirs/VNP14IMG/VNP14IMG.A2015184.1800.002.2024064183036.nc,data/raw/viirs/VNP03IMG/VNP03IMG.A2015184.1800.002.2021040090626.nc,paired,active_fire_product_present,eligible_for_geolocation_processing,not_built
2015185.0454,2015-07-04T04:54:00Z,2015,185,0454,1,1,data/raw/viirs/VNP14IMG/VNP14IMG.A2015185.0454.002.2024064193111.nc,data/raw/viirs/VNP03IMG/VNP03IMG.A2015185.0454.002.2021040090702.nc,paired,active_fire_product_present,eligible_for_geolocation_processing,not_built
2015185.0500,2015-07-04T05:00:00Z,2015,185,0500,1,1,data/raw/viirs/VNP14IMG/VNP14IMG.A2015185.0500.002.2024064193132.nc,data/raw/viirs/VNP03IMG/VNP03IMG.A2015185.0500.002.2021040090829.nc,paired,active_fire_product_present,eligible_for_geolocation_processing,not_built
2015185.0636,2015-07-04T06:36:00Z,2015,185,0636,1,1,data/raw/viirs/VNP14IMG/VNP14IMG.A2015185.0636.002.2024064193123.nc,data/raw/viirs/VNP03IMG/VNP03IMG.A2015185.0636.002.2021040091050.nc,paired,active_fire_product_present,eligible_for_geolocation_processing,not_built
2015185.0642,2015-07-04T06:42:00Z,2015,185,0642,1,1,data/raw/viirs/VNP14IMG/VNP14IMG.A2015185.0642.002.2024064193103.nc,data/raw/viirs/VNP03IMG/VNP03IMG.A2015185.0642.002.2021040090701.nc,paired,active_fire_product_present,eligible_for_geolocation_processing,not_built
2015185.1736,2015-07-04T17:36:00Z,2015,185,1736,1,1,data/raw/viirs/VNP14IMG/VNP14IMG.A2015185.1736.002.2024064193155.nc,data/raw/viirs/VNP03IMG/VNP03IMG.A2015185.1736.002.2021040092535.nc,paired,active_fire_product_present,eligible_for_geolocation_processing,not_built
2015185.1742,2015-07-04T17:42:00Z,2015,185,1742,1,1,data/raw/viirs/VNP14IMG/VNP14IMG.A2015185.1742.002.2024064193138.nc,data/raw/viirs/VNP03IMG/VNP03IMG.A2015185.1742.002.2021040092533.nc,paired,active_fire_product_present,eligible_for_geolocation_processing,not_built
2015186.0436,2015-07-05T04:36:00Z,2015,186,0436,1,1,data/raw/viirs/VNP14IMG/VNP14IMG.A2015186.0436.002.2024064204846.nc,data/raw/viirs/VNP03IMG/VNP03IMG.A2015186.0436.002.2021040092612.nc,paired,active_fire_product_present,eligible_for_geolocation_processing,not_built
2015186.0442,2015-07-05T04:42:00Z,2015,186,0442,1,1,data/raw/viirs/VNP14IMG/VNP14IMG.A2015186.0442.002.2024064204842.nc,data/raw/viirs/VNP03IMG/VNP03IMG.A2015186.0442.002.2021040092608.nc,paired,active_fire_product_present,eligible_for_geolocation_processing,not_built
2015186.0618,2015-07-05T06:18:00Z,2015,186,0618,1,1,data/raw/viirs/VNP14IMG/VNP14IMG.A2015186.0618.002.2024064204841.nc,data/raw/viirs/VNP03IMG/VNP03IMG.A2015186.0618.002.2021040092941.nc,paired,active_fire_product_present,eligible_for_geolocation_processing,not_built
2015186.0624,2015-07-05T06:24:00Z,2015,186,0624,1,1,data/raw/viirs/VNP14IMG/VNP14IMG.A2015186.0624.002.2024064204842.nc,data/raw/viirs/VNP03IMG/VNP03IMG.A2015186.0624.002.2021040132015.nc,paired,active_fire_product_present,eligible_for_geolocation_processing,not_built
2015186.1718,2015-07-05T17:18:00Z,2015,186,1718,1,1,data/raw/viirs/VNP14IMG/VNP14IMG.A2015186.1718.002.2024064204848.nc,data/raw/viirs/VNP03IMG/VNP03IMG.A2015186.1718.002.2021040132037.nc,paired,active_fire_product_present,eligible_for_geolocation_processing,not_built
2015186.1724,2015-07-05T17:24:00Z,2015,186,1724,1,1,data/raw/viirs/VNP14IMG/VNP14IMG.A2015186.1724.002.2024064204844.nc,data/raw/viirs/VNP03IMG/VNP03IMG.A2015186.1724.002.2021040132038.nc,paired,active_fire_product_present,eligible_for_geolocation_processing,not_built
2015186.1900,2015-07-05T19:00:00Z,2015,186,1900,1,1,data/raw/viirs/VNP14IMG/VNP14IMG.A2015186.1900.002.2024064204858.nc,data/raw/viirs/VNP03IMG/VNP03IMG.A2015186.1900.002.2021040132122.nc,paired,active_fire_product_present,eligible_for_geolocation_processing,not_built
2015187.0600,2015-07-06T06:00:00Z,2015,187,0600,1,1,data/raw/viirs/VNP14IMG/VNP14IMG.A2015187.0600.002.2024064215121.nc,data/raw/viirs/VNP03IMG/VNP03IMG.A2015187.0600.002.2021040133507.nc,paired,active_fire_product_present,eligible_for_geolocation_processing,not_built
2015187.0606,2015-07-06T06:06:00Z,2015,187,0606,1,1,data/raw/viirs/VNP14IMG/VNP14IMG.A2015187.0606.002.2024064215211.nc,data/raw/viirs/VNP03IMG/VNP03IMG.A2015187.0606.002.2021040133431.nc,paired,active_fire_product_present,eligible_for_geolocation_processing,not_built
2015187.1700,2015-07-06T17:00:00Z,2015,187,1700,1,1,data/raw/viirs/VNP14IMG/VNP14IMG.A2015187.1700.002.2024064214653.nc,data/raw/viirs/VNP03IMG/VNP03IMG.A2015187.1700.002.2021040133653.nc,paired,active_fire_product_present,eligible_for_geolocation_processing,not_built
2015187.1842,2015-07-06T18:42:00Z,2015,187,1842,1,1,data/raw/viirs/VNP14IMG/VNP14IMG.A2015187.1842.002.2024064214702.nc,data/raw/viirs/VNP03IMG/VNP03IMG.A2015187.1842.002.2021040133655.nc,paired,active_fire_product_present,eligible_for_geolocation_processing,not_built
2015188.0542,2015-07-07T05:42:00Z,2015,188,0542,1,1,data/raw/viirs/VNP14IMG/VNP14IMG.A2015188.0542.002.2024064232838.nc,data/raw/viirs/VNP03IMG/VNP03IMG.A2015188.0542.002.2021040141044.nc,paired,active_fire_product_present,eligible_for_geolocation_processing,not_built
2015188.1642,2015-07-07T16:42:00Z,2015,188,1642,1,1,data/raw/viirs/VNP14IMG/VNP14IMG.A2015188.1642.002.2024064232913.nc,data/raw/viirs/VNP03IMG/VNP03IMG.A2015188.1642.002.2021040141350.nc,paired,active_fire_product_present,eligible_for_geolocation_processing,not_built
2015188.1818,2015-07-07T18:18:00Z,2015,188,1818,1,1,data/raw/viirs/VNP14IMG/VNP14IMG.A2015188.1818.002.2024064233248.nc,data/raw/viirs/VNP03IMG/VNP03IMG.A2015188.1818.002.2021040141427.nc,paired,active_fire_product_present,eligible_for_geolocation_processing,not_built
2015188.1824,2015-07-07T18:24:00Z,2015,188,1824,1,1,data/raw/viirs/VNP14IMG/VNP14IMG.A2015188.1824.002.2024064233100.nc,data/raw/viirs/VNP03IMG/VNP03IMG.A2015188.1824.002.2021040141425.nc,paired,active_fire_product_present,eligible_for_geolocation_processing,not_built
2015189.0524,2015-07-08T05:24:00Z,2015,189,0524,1,1,data/raw/viirs/VNP14IMG/VNP14IMG.A2015189.0524.002.2024065010150.nc,data/raw/viirs/VNP03IMG/VNP03IMG.A2015189.0524.002.2021040143546.nc,paired,active_fire_product_present,eligible_for_geolocation_processing,not_built
2015189.0700,2015-07-08T07:00:00Z,2015,189,0700,1,1,data/raw/viirs/VNP14IMG/VNP14IMG.A2015189.0700.002.2024065010110.nc,data/raw/viirs/VNP03IMG/VNP03IMG.A2015189.0700.002.2021040143106.nc,paired,active_fire_product_present,eligible_for_geolocation_processing,not_built
2015189.0706,2015-07-08T07:06:00Z,2015,189,0706,1,1,data/raw/viirs/VNP14IMG/VNP14IMG.A2015189.0706.002.2024065010216.nc,data/raw/viirs/VNP03IMG/VNP03IMG.A2015189.0706.002.2021040142735.nc,paired,active_fire_product_present,eligible_for_geolocation_processing,not_built
2015189.1800,2015-07-08T18:00:00Z,2015,189,1800,1,1,data/raw/viirs/VNP14IMG/VNP14IMG.A2015189.1800.002.2024065010136.nc,data/raw/viirs/VNP03IMG/VNP03IMG.A2015189.1800.002.2021040143107.nc,paired,active_fire_product_present,eligible_for_geolocation_processing,not_built
2015189.1806,2015-07-08T18:06:00Z,2015,189,1806,1,1,data/raw/viirs/VNP14IMG/VNP14IMG.A2015189.1806.002.2024065010110.nc,data/raw/viirs/VNP03IMG/VNP03IMG.A2015189.1806.002.2021040143245.nc,paired,active_fire_product_present,eligible_for_geolocation_processing,not_built
2015190.0500,2015-07-09T05:00:00Z,2015,190,0500,1,1,data/raw/viirs/VNP14IMG/VNP14IMG.A2015190.0500.002.2024065020340.nc,data/raw/viirs/VNP03IMG/VNP03IMG.A2015190.0500.002.2021040145854.nc,paired,active_fire_product_present,eligible_for_geolocation_processing,not_built
2015190.0506,2015-07-09T05:06:00Z,2015,190,0506,1,1,data/raw/viirs/VNP14IMG/VNP14IMG.A2015190.0506.002.2024065020311.nc,data/raw/viirs/VNP03IMG/VNP03IMG.A2015190.0506.002.2021040145851.nc,paired,active_fire_product_present,eligible_for_geolocation_processing,not_built
2015190.0642,2015-07-09T06:42:00Z,2015,190,0642,1,1,data/raw/viirs/VNP14IMG/VNP14IMG.A2015190.0642.002.2024065020342.nc,data/raw/viirs/VNP03IMG/VNP03IMG.A2015190.0642.002.2021040150305.nc,paired,active_fire_product_present,eligible_for_geolocation_processing,not_built
2015190.0648,2015-07-09T06:48:00Z,2015,190,0648,1,1,data/raw/viirs/VNP14IMG/VNP14IMG.A2015190.0648.002.2024065020259.nc,data/raw/viirs/VNP03IMG/VNP03IMG.A2015190.0648.002.2021040150231.nc,paired,active_fire_product_present,eligible_for_geolocation_processing,not_built
2015190.1742,2015-07-09T17:42:00Z,2015,190,1742,1,1,data/raw/viirs/VNP14IMG/VNP14IMG.A2015190.1742.002.2024065020318.nc,data/raw/viirs/VNP03IMG/VNP03IMG.A2015190.1742.002.2021040150041.nc,paired,active_fire_product_present,eligible_for_geolocation_processing,not_built
2015190.1748,2015-07-09T17:48:00Z,2015,190,1748,1,1,data/raw/viirs/VNP14IMG/VNP14IMG.A2015190.1748.002.2024065020354.nc,data/raw/viirs/VNP03IMG/VNP03IMG.A2015190.1748.002.2021040150044.nc,paired,active_fire_product_present,eligible_for_geolocation_processing,not_built
2015191.0442,2015-07-10T04:42:00Z,2015,191,0442,1,1,data/raw/viirs/VNP14IMG/VNP14IMG.A2015191.0442.002.2024065031004.nc,data/raw/viirs/VNP03IMG/VNP03IMG.A2015191.0442.002.2021040162248.nc,paired,active_fire_product_present,eligible_for_geolocation_processing,not_built
2015191.0448,2015-07-10T04:48:00Z,2015,191,0448,1,1,data/raw/viirs/VNP14IMG/VNP14IMG.A2015191.0448.002.2024065031008.nc,data/raw/viirs/VNP03IMG/VNP03IMG.A2015191.0448.002.2021040161727.nc,paired,active_fire_product_present,eligible_for_geolocation_processing,not_built
2015191.0624,2015-07-10T06:24:00Z,2015,191,0624,1,1,data/raw/viirs/VNP14IMG/VNP14IMG.A2015191.0624.002.2024065030915.nc,data/raw/viirs/VNP03IMG/VNP03IMG.A2015191.0624.002.2021040160521.nc,paired,active_fire_product_present,eligible_for_geolocation_processing,not_built
2015191.0630,2015-07-10T06:30:00Z,2015,191,0630,1,1,data/raw/viirs/VNP14IMG/VNP14IMG.A2015191.0630.002.2024065030904.nc,data/raw/viirs/VNP03IMG/VNP03IMG.A2015191.0630.002.2021040160549.nc,paired,active_fire_product_present,eligible_for_geolocation_processing,not_built
2015191.1724,2015-07-10T17:24:00Z,2015,191,1724,1,1,data/raw/viirs/VNP14IMG/VNP14IMG.A2015191.1724.002.2024065030954.nc,data/raw/viirs/VNP03IMG/VNP03IMG.A2015191.1724.002.2021040161112.nc,paired,active_fire_product_present,eligible_for_geolocation_processing,not_built
