pair_key,acquisition_utc,array_shape,pixel_count,finite_geolocation_pixels,bbox_geolocation_pixels,out_of_range_geolocation_pixels,prespecified_processed_or_fire_class_count,prespecified_processed_or_fire_in_bbox_count,opportunity_status,vnp14_path,vnp03_path
2015001.0548,2015-01-01T05:48:00Z,"[6496, 6400]",41574400,41574400,3034530,0,2873887,497527,screened_not_denominator_ready,data/raw/viirs/VNP14IMG/VNP14IMG.A2015001.0548.002.2024151022549.nc,data/raw/viirs/VNP03IMG/VNP03IMG.A2015001.0548.002.2021033131743.nc
2015001.0554,2015-01-01T05:54:00Z,"[6464, 6400]",41369600,41369600,7761563,0,5757650,1163237,screened_not_denominator_ready,data/raw/viirs/VNP14IMG/VNP14IMG.A2015001.0554.002.2024151022552.nc,data/raw/viirs/VNP03IMG/VNP03IMG.A2015001.0554.002.2021033130758.nc
2015001.1648,2015-01-01T16:48:00Z,"[6464, 6400]",41369600,41369600,1143020,0,1528195,144455,screened_not_denominator_ready,data/raw/viirs/VNP14IMG/VNP14IMG.A2015001.1648.002.2024151022555.nc,data/raw/viirs/VNP03IMG/VNP03IMG.A2015001.1648.002.2021033132345.nc
2015001.1654,2015-01-01T16:54:00Z,"[6464, 6400]",41369600,41369600,2062121,0,3473789,195931,screened_not_denominator_ready,data/raw/viirs/VNP14IMG/VNP14IMG.A2015001.1654.002.2024151022557.nc,data/raw/viirs/VNP03IMG/VNP03IMG.A2015001.1654.002.2021033133216.nc
2015001.1830,2015-01-01T18:30:00Z,"[6496, 6400]",41574400,41574400,7339621,0,9274503,618252,screened_not_denominator_ready,data/raw/viirs/VNP14IMG/VNP14IMG.A2015001.1830.002.2024151022601.nc,data/raw/viirs/VNP03IMG/VNP03IMG.A2015001.1830.002.2021033131611.nc
2015001.1836,2015-01-01T18:36:00Z,"[6464, 6400]",41369600,41369600,1048536,0,393052,21732,screened_not_denominator_ready,data/raw/viirs/VNP14IMG/VNP14IMG.A2015001.1836.002.2024151022600.nc,data/raw/viirs/VNP03IMG/VNP03IMG.A2015001.1836.002.2021033132153.nc
2015002.0530,2015-01-02T05:30:00Z,"[6464, 6400]",41369600,41369600,5625369,0,1723376,359375,screened_not_denominator_ready,data/raw/viirs/VNP14IMG/VNP14IMG.A2015002.0530.002.2024151022918.nc,data/raw/viirs/VNP03IMG/VNP03IMG.A2015002.0530.002.2021033134604.nc
2015002.0536,2015-01-02T05:36:00Z,"[6464, 6400]",41369600,41369600,5179942,0,4165598,87666,screened_not_denominator_ready,data/raw/viirs/VNP14IMG/VNP14IMG.A2015002.0536.002.2024151022915.nc,data/raw/viirs/VNP03IMG/VNP03IMG.A2015002.0536.002.2021033132845.nc
2015002.0712,2015-01-02T07:12:00Z,"[6496, 6400]",41574400,41574400,4322,0,221624,0,screened_not_denominator_ready,data/raw/viirs/VNP14IMG/VNP14IMG.A2015002.0712.002.2024151022948.nc,data/raw/viirs/VNP03IMG/VNP03IMG.A2015002.0712.002.2021033141531.nc
2015002.1630,2015-01-02T16:30:00Z,"[6464, 6400]",41369600,41369600,399,0,974524,0,screened_not_denominator_ready,data/raw/viirs/VNP14IMG/VNP14IMG.A2015002.1630.002.2024151023226.nc,data/raw/viirs/VNP03IMG/VNP03IMG.A2015002.1630.002.2021033133350.nc
2015182.0554,2015-07-01T05:54:00Z,"[6464, 6400]",41369600,41369600,10762466,0,6823016,3963621,screened_not_denominator_ready,data/raw/viirs/VNP14IMG/VNP14IMG.A2015182.0554.002.2024064161121.nc,data/raw/viirs/VNP03IMG/VNP03IMG.A2015182.0554.002.2021040075533.nc
2015182.1654,2015-07-01T16:54:00Z,"[6496, 6400]",41574400,41574400,4830941,0,3920764,911291,screened_not_denominator_ready,data/raw/viirs/VNP14IMG/VNP14IMG.A2015182.1654.002.2024064161205.nc,data/raw/viirs/VNP03IMG/VNP03IMG.A2015182.1654.002.2021040082508.nc
2015182.1830,2015-07-01T18:30:00Z,"[6464, 6400]",41369600,41369600,73428,0,15731540,0,screened_not_denominator_ready,data/raw/viirs/VNP14IMG/VNP14IMG.A2015182.1830.002.2024064161205.nc,data/raw/viirs/VNP03IMG/VNP03IMG.A2015182.1830.002.2021040083035.nc
2015182.1836,2015-07-01T18:36:00Z,"[6464, 6400]",41369600,41369600,6907176,0,6269380,1757946,screened_not_denominator_ready,data/raw/viirs/VNP14IMG/VNP14IMG.A2015182.1836.002.2024064161109.nc,data/raw/viirs/VNP03IMG/VNP03IMG.A2015182.1836.002.2021040082032.nc
2015183.0536,2015-07-02T05:36:00Z,"[6496, 6400]",41574400,41574400,10799621,0,5364568,3475242,screened_not_denominator_ready,data/raw/viirs/VNP14IMG/VNP14IMG.A2015183.0536.002.2024064171807.nc,data/raw/viirs/VNP03IMG/VNP03IMG.A2015183.0536.002.2021040082525.nc
2015183.1636,2015-07-02T16:36:00Z,"[6464, 6400]",41369600,41369600,630742,0,5614024,116879,screened_not_denominator_ready,data/raw/viirs/VNP14IMG/VNP14IMG.A2015183.1636.002.2024064171839.nc,data/raw/viirs/VNP03IMG/VNP03IMG.A2015183.1636.002.2021040084850.nc
2015183.1812,2015-07-02T18:12:00Z,"[6464, 6400]",41369600,41369600,2367364,0,9122839,44027,screened_not_denominator_ready,data/raw/viirs/VNP14IMG/VNP14IMG.A2015183.1812.002.2024064171818.nc,data/raw/viirs/VNP03IMG/VNP03IMG.A2015183.1812.002.2021040084752.nc
2015183.1818,2015-07-02T18:18:00Z,"[6496, 6400]",41574400,41574400,7922514,0,5824371,2146050,screened_not_denominator_ready,data/raw/viirs/VNP14IMG/VNP14IMG.A2015183.1818.002.2024064171838.nc,data/raw/viirs/VNP03IMG/VNP03IMG.A2015183.1818.002.2021040084537.nc
2015184.0518,2015-07-03T05:18:00Z,"[6464, 6400]",41369600,41369600,9946442,0,4233895,2614798,screened_not_denominator_ready,data/raw/viirs/VNP14IMG/VNP14IMG.A2015184.0518.002.2024064183014.nc,data/raw/viirs/VNP03IMG/VNP03IMG.A2015184.0518.002.2021040084330.nc
2015184.0654,2015-07-03T06:54:00Z,"[6464, 6400]",41369600,41369600,523710,0,1032907,36120,screened_not_denominator_ready,data/raw/viirs/VNP14IMG/VNP14IMG.A2015184.0654.002.2024064183029.nc,data/raw/viirs/VNP03IMG/VNP03IMG.A2015184.0654.002.2021040085042.nc
2015184.0700,2015-07-03T07:00:00Z,"[6496, 6400]",41574400,41574400,673323,0,4332939,191909,screened_not_denominator_ready,data/raw/viirs/VNP14IMG/VNP14IMG.A2015184.0700.002.2024064183029.nc,data/raw/viirs/VNP03IMG/VNP03IMG.A2015184.0700.002.2021040084700.nc
2015184.1754,2015-07-03T17:54:00Z,"[6496, 6400]",41574400,41574400,4957148,0,4962779,976737,screened_not_denominator_ready,data/raw/viirs/VNP14IMG/VNP14IMG.A2015184.1754.002.2024064183255.nc,data/raw/viirs/VNP03IMG/VNP03IMG.A2015184.1754.002.2021040090725.nc
2015184.1800,2015-07-03T18:00:00Z,"[6464, 6400]",41369600,41369600,5808011,0,6410032,3182633,screened_not_denominator_ready,data/raw/viirs/VNP14IMG/VNP14IMG.A2015184.1800.002.2024064183036.nc,data/raw/viirs/VNP03IMG/VNP03IMG.A2015184.1800.002.2021040090626.nc
2015185.0454,2015-07-04T04:54:00Z,"[6464, 6400]",41369600,41369600,733843,0,14895910,114565,screened_not_denominator_ready,data/raw/viirs/VNP14IMG/VNP14IMG.A2015185.0454.002.2024064193111.nc,data/raw/viirs/VNP03IMG/VNP03IMG.A2015185.0454.002.2021040090702.nc
2015185.0500,2015-07-04T05:00:00Z,"[6464, 6400]",41369600,41369600,5463500,0,1754295,837958,screened_not_denominator_ready,data/raw/viirs/VNP14IMG/VNP14IMG.A2015185.0500.002.2024064193132.nc,data/raw/viirs/VNP03IMG/VNP03IMG.A2015185.0500.002.2021040090829.nc
2015185.0636,2015-07-04T06:36:00Z,"[6496, 6400]",41574400,41574400,3223758,0,2796909,720831,screened_not_denominator_ready,data/raw/viirs/VNP14IMG/VNP14IMG.A2015185.0636.002.2024064193123.nc,data/raw/viirs/VNP03IMG/VNP03IMG.A2015185.0636.002.2021040091050.nc
2015185.0642,2015-07-04T06:42:00Z,"[6464, 6400]",41369600,41369600,2438126,0,5515231,95111,screened_not_denominator_ready,data/raw/viirs/VNP14IMG/VNP14IMG.A2015185.0642.002.2024064193103.nc,data/raw/viirs/VNP03IMG/VNP03IMG.A2015185.0642.002.2021040090701.nc
2015185.1736,2015-07-04T17:36:00Z,"[6464, 6400]",41369600,41369600,7504737,0,2491252,1012918,screened_not_denominator_ready,data/raw/viirs/VNP14IMG/VNP14IMG.A2015185.1736.002.2024064193155.nc,data/raw/viirs/VNP03IMG/VNP03IMG.A2015185.1736.002.2021040092535.nc
2015185.1742,2015-07-04T17:42:00Z,"[6464, 6400]",41369600,41369600,3273929,0,6081515,1043390,screened_not_denominator_ready,data/raw/viirs/VNP14IMG/VNP14IMG.A2015185.1742.002.2024064193138.nc,data/raw/viirs/VNP03IMG/VNP03IMG.A2015185.1742.002.2021040092533.nc
2015186.0436,2015-07-05T04:36:00Z,"[6464, 6400]",41369600,41369600,359881,0,10855979,110198,screened_not_denominator_ready,data/raw/viirs/VNP14IMG/VNP14IMG.A2015186.0436.002.2024064204846.nc,data/raw/viirs/VNP03IMG/VNP03IMG.A2015186.0436.002.2021040092612.nc
2015186.0442,2015-07-05T04:42:00Z,"[6496, 6400]",41574400,41574400,1279800,0,558931,71472,screened_not_denominator_ready,data/raw/viirs/VNP14IMG/VNP14IMG.A2015186.0442.002.2024064204842.nc,data/raw/viirs/VNP03IMG/VNP03IMG.A2015186.0442.002.2021040092608.nc
2015186.0618,2015-07-05T06:18:00Z,"[6464, 6400]",41369600,41369600,7583868,0,5317239,2235712,screened_not_denominator_ready,data/raw/viirs/VNP14IMG/VNP14IMG.A2015186.0618.002.2024064204841.nc,data/raw/viirs/VNP03IMG/VNP03IMG.A2015186.0618.002.2021040092941.nc
2015186.0624,2015-07-05T06:24:00Z,"[6464, 6400]",41369600,41369600,2045100,0,4057552,44,screened_not_denominator_ready,data/raw/viirs/VNP14IMG/VNP14IMG.A2015186.0624.002.2024064204842.nc,data/raw/viirs/VNP03IMG/VNP03IMG.A2015186.0624.002.2021040132015.nc
2015186.1718,2015-07-05T17:18:00Z,"[6464, 6400]",41369600,41369600,9203187,0,4713554,2594920,screened_not_denominator_ready,data/raw/viirs/VNP14IMG/VNP14IMG.A2015186.1718.002.2024064204848.nc,data/raw/viirs/VNP03IMG/VNP03IMG.A2015186.1718.002.2021040132037.nc
2015186.1724,2015-07-05T17:24:00Z,"[6496, 6400]",41574400,41574400,783448,0,10856197,6177,screened_not_denominator_ready,data/raw/viirs/VNP14IMG/VNP14IMG.A2015186.1724.002.2024064204844.nc,data/raw/viirs/VNP03IMG/VNP03IMG.A2015186.1724.002.2021040132038.nc
2015186.1900,2015-07-05T19:00:00Z,"[6464, 6400]",41369600,41369600,1123718,0,3547123,78409,screened_not_denominator_ready,data/raw/viirs/VNP14IMG/VNP14IMG.A2015186.1900.002.2024064204858.nc,data/raw/viirs/VNP03IMG/VNP03IMG.A2015186.1900.002.2021040132122.nc
2015187.0600,2015-07-06T06:00:00Z,"[6464, 6400]",41369600,41369600,10691732,0,7089094,3620442,screened_not_denominator_ready,data/raw/viirs/VNP14IMG/VNP14IMG.A2015187.0600.002.2024064215121.nc,data/raw/viirs/VNP03IMG/VNP03IMG.A2015187.0600.002.2021040133507.nc
2015187.0606,2015-07-06T06:06:00Z,"[6496, 6400]",41574400,41574400,113720,0,4177385,0,screened_not_denominator_ready,data/raw/viirs/VNP14IMG/VNP14IMG.A2015187.0606.002.2024064215211.nc,data/raw/viirs/VNP03IMG/VNP03IMG.A2015187.0606.002.2021040133431.nc
2015187.1700,2015-07-06T17:00:00Z,"[6496, 6400]",41574400,41574400,6298777,0,5237587,1937678,screened_not_denominator_ready,data/raw/viirs/VNP14IMG/VNP14IMG.A2015187.1700.002.2024064214653.nc,data/raw/viirs/VNP03IMG/VNP03IMG.A2015187.1700.002.2021040133653.nc
2015187.1842,2015-07-06T18:42:00Z,"[6464, 6400]",41369600,41369600,5566396,0,4207252,1247631,screened_not_denominator_ready,data/raw/viirs/VNP14IMG/VNP14IMG.A2015187.1842.002.2024064214702.nc,data/raw/viirs/VNP03IMG/VNP03IMG.A2015187.1842.002.2021040133655.nc
2015188.0542,2015-07-07T05:42:00Z,"[6464, 6400]",41369600,41369600,10780257,0,6213810,3896243,screened_not_denominator_ready,data/raw/viirs/VNP14IMG/VNP14IMG.A2015188.0542.002.2024064232838.nc,data/raw/viirs/VNP03IMG/VNP03IMG.A2015188.0542.002.2021040141044.nc
2015188.1642,2015-07-07T16:42:00Z,"[6496, 6400]",41574400,41574400,1745566,0,5529085,259468,screened_not_denominator_ready,data/raw/viirs/VNP14IMG/VNP14IMG.A2015188.1642.002.2024064232913.nc,data/raw/viirs/VNP03IMG/VNP03IMG.A2015188.1642.002.2021040141350.nc
2015188.1818,2015-07-07T18:18:00Z,"[6464, 6400]",41369600,41369600,1661601,0,9674530,135249,screened_not_denominator_ready,data/raw/viirs/VNP14IMG/VNP14IMG.A2015188.1818.002.2024064233248.nc,data/raw/viirs/VNP03IMG/VNP03IMG.A2015188.1818.002.2021040141427.nc
2015188.1824,2015-07-07T18:24:00Z,"[6464, 6400]",41369600,41369600,7900124,0,5879546,3324394,screened_not_denominator_ready,data/raw/viirs/VNP14IMG/VNP14IMG.A2015188.1824.002.2024064233100.nc,data/raw/viirs/VNP03IMG/VNP03IMG.A2015188.1824.002.2021040141425.nc
2015189.0524,2015-07-08T05:24:00Z,"[6496, 6400]",41574400,41574400,10522634,0,5064460,3318435,screened_not_denominator_ready,data/raw/viirs/VNP14IMG/VNP14IMG.A2015189.0524.002.2024065010150.nc,data/raw/viirs/VNP03IMG/VNP03IMG.A2015189.0524.002.2021040143546.nc
2015189.0700,2015-07-08T07:00:00Z,"[6464, 6400]",41369600,41369600,175452,0,517890,580,screened_not_denominator_ready,data/raw/viirs/VNP14IMG/VNP14IMG.A2015189.0700.002.2024065010110.nc,data/raw/viirs/VNP03IMG/VNP03IMG.A2015189.0700.002.2021040143106.nc
2015189.0706,2015-07-08T07:06:00Z,"[6464, 6400]",41369600,41369600,129759,0,1470784,15956,screened_not_denominator_ready,data/raw/viirs/VNP14IMG/VNP14IMG.A2015189.0706.002.2024065010216.nc,data/raw/viirs/VNP03IMG/VNP03IMG.A2015189.0706.002.2021040142735.nc
2015189.1800,2015-07-08T18:00:00Z,"[6464, 6400]",41369600,41369600,4194011,0,5181774,58371,screened_not_denominator_ready,data/raw/viirs/VNP14IMG/VNP14IMG.A2015189.1800.002.2024065010136.nc,data/raw/viirs/VNP03IMG/VNP03IMG.A2015189.1800.002.2021040143107.nc
2015189.1806,2015-07-08T18:06:00Z,"[6496, 6400]",41574400,41574400,6613600,0,5102942,2479947,screened_not_denominator_ready,data/raw/viirs/VNP14IMG/VNP14IMG.A2015189.1806.002.2024065010110.nc,data/raw/viirs/VNP03IMG/VNP03IMG.A2015189.1806.002.2021040143245.nc
2015190.0500,2015-07-09T05:00:00Z,"[6496, 6400]",41574400,41574400,467218,0,13506052,26538,screened_not_denominator_ready,data/raw/viirs/VNP14IMG/VNP14IMG.A2015190.0500.002.2024065020340.nc,data/raw/viirs/VNP03IMG/VNP03IMG.A2015190.0500.002.2021040145854.nc
2015190.0506,2015-07-09T05:06:00Z,"[6464, 6400]",41369600,41369600,7154314,0,1543564,532923,screened_not_denominator_ready,data/raw/viirs/VNP14IMG/VNP14IMG.A2015190.0506.002.2024065020311.nc,data/raw/viirs/VNP03IMG/VNP03IMG.A2015190.0506.002.2021040145851.nc
2015190.0642,2015-07-09T06:42:00Z,"[6464, 6400]",41369600,41369600,2212227,0,1112853,134206,screened_not_denominator_ready,data/raw/viirs/VNP14IMG/VNP14IMG.A2015190.0642.002.2024065020342.nc,data/raw/viirs/VNP03IMG/VNP03IMG.A2015190.0642.002.2021040150305.nc
2015190.0648,2015-07-09T06:48:00Z,"[6496, 6400]",41574400,41574400,1882844,0,3690066,66913,screened_not_denominator_ready,data/raw/viirs/VNP14IMG/VNP14IMG.A2015190.0648.002.2024065020259.nc,data/raw/viirs/VNP03IMG/VNP03IMG.A2015190.0648.002.2021040150231.nc
2015190.1742,2015-07-09T17:42:00Z,"[6496, 6400]",41574400,41574400,6837952,0,1804717,187568,screened_not_denominator_ready,data/raw/viirs/VNP14IMG/VNP14IMG.A2015190.1742.002.2024065020318.nc,data/raw/viirs/VNP03IMG/VNP03IMG.A2015190.1742.002.2021040150041.nc
2015190.1748,2015-07-09T17:48:00Z,"[6464, 6400]",41369600,41369600,3941586,0,4491821,890299,screened_not_denominator_ready,data/raw/viirs/VNP14IMG/VNP14IMG.A2015190.1748.002.2024065020354.nc,data/raw/viirs/VNP03IMG/VNP03IMG.A2015190.1748.002.2021040150044.nc
2015191.0442,2015-07-10T04:42:00Z,"[6464, 6400]",41369600,41369600,672495,0,10460085,19591,screened_not_denominator_ready,data/raw/viirs/VNP14IMG/VNP14IMG.A2015191.0442.002.2024065031004.nc,data/raw/viirs/VNP03IMG/VNP03IMG.A2015191.0442.002.2021040162248.nc
2015191.0448,2015-07-10T04:48:00Z,"[6464, 6400]",41369600,41369600,2388177,0,430540,53755,screened_not_denominator_ready,data/raw/viirs/VNP14IMG/VNP14IMG.A2015191.0448.002.2024065031008.nc,data/raw/viirs/VNP03IMG/VNP03IMG.A2015191.0448.002.2021040161727.nc
2015191.0624,2015-07-10T06:24:00Z,"[6496, 6400]",41574400,41574400,6252568,0,2306387,714028,screened_not_denominator_ready,data/raw/viirs/VNP14IMG/VNP14IMG.A2015191.0624.002.2024065030915.nc,data/raw/viirs/VNP03IMG/VNP03IMG.A2015191.0624.002.2021040160521.nc
2015191.0630,2015-07-10T06:30:00Z,"[6464, 6400]",41369600,41369600,2254739,0,5912196,70070,screened_not_denominator_ready,data/raw/viirs/VNP14IMG/VNP14IMG.A2015191.0630.002.2024065030904.nc,data/raw/viirs/VNP03IMG/VNP03IMG.A2015191.0630.002.2021040160549.nc
2015191.1724,2015-07-10T17:24:00Z,"[6464, 6400]",41369600,41369600,9104256,0,1636675,309296,screened_not_denominator_ready,data/raw/viirs/VNP14IMG/VNP14IMG.A2015191.1724.002.2024065030954.nc,data/raw/viirs/VNP03IMG/VNP03IMG.A2015191.1724.002.2021040161112.nc
