country_id,country,land_area_km2,peat_area_km2,nonpeat_area_km2,raster_covered_area_km2,invalid_peat_cells,firm_file,peat_25_area_km2,nonpeat_25_area_km2,peat_25_count,nonpeat_25_count,unknown_25_count,peat_50_area_km2,nonpeat_50_area_km2,peat_50_count,nonpeat_50_count,unknown_50_count,peat_75_area_km2,nonpeat_75_area_km2,peat_75_count,nonpeat_75_count,unknown_75_count
AFG,Afghanistan,641833.1104861677,393.84617129656533,641439.2643148712,642039.627302273,0,modis_2024_Afghanistan.csv,582.731600261593,641250.3788859061,2,78,0,231.37913083103163,641601.7313553367,1,79,0,53.454024185608716,641779.656461982,0,80,0
ALD,Aland,764.0875962132587,31.1038500024137,732.9837462108451,756.2103782344453,0,,26.88267559734818,737.2049206159105,0,0,0,3.84011948693985,760.2474767263188,0,0,0,0.42716161300132194,763.6604346002574,0,0,0
ALB,Albania,28372.5644184124,216.55637703712011,28156.00804137528,28316.3810142885,0,modis_2024_Albania.csv,312.31072572431754,28060.253692688082,46,690,0,211.59222538681703,28160.972193025584,36,700,0,125.59079048846681,28246.973627923933,31,705,0
DZA,Algeria,2319293.3526720707,330.1443333119834,2318963.208338759,2322690.8027087175,6,modis_2024_Algeria.csv,446.6274280695551,2318846.725244001,0,1456,0,181.50833461570696,2319111.844337455,0,1456,0,75.72796688321276,2319217.6247051875,0,1456,0
ASM,American Samoa,119.96071196378708,0.0,119.96071196378708,118.1461320841899,0,modis_2024_American_Samoa.csv,0.0,119.96071196378708,0,0,0,0.0,119.96071196378708,0,0,0,0.0,119.96071196378708,0,0,0
AND,Andorra,442.5542242163447,2.960253662980593,439.5939705533641,440.9379366432729,0,modis_2024_Andorra.csv,0.0,442.5542242163447,0,0,0,0.0,442.5542242163447,0,0,0,0.0,442.5542242163447,0,0,0
AGO,Angola,1244670.866641471,17788.945214639945,1226881.921426831,1249416.8006874137,36,modis_2024_Angola.csv,25094.60694088665,1219576.2597005842,8590,361136,4,14295.204435735046,1230375.662205736,4992,364734,4,3532.1300432493686,1241138.7365982216,1445,368281,4
AIA,Anguilla,83.01335513962198,0.7014572464580751,82.3118978931639,84.81879806428354,0,,0.0,83.01335513962198,0,0,0,0.0,83.01335513962198,0,0,0,0.0,83.01335513962198,0,0,0
ATA,Antarctica,12356254.416110074,0.0,12356254.416110074,1208.5717834529064,0,,0.0,12356254.416110074,0,0,0,0.0,12356254.416110074,0,0,0,0.0,12356254.416110074,0,0,0
ATG,Antigua and Barbuda,431.4054316991828,18.743392467567443,412.6620392316154,436.1700097280203,0,modis_2024_Antigua_and_Barbuda.csv,23.766677378173767,407.63875432100906,0,1,0,2.4540129805188955,428.95141871866394,0,1,0,0.0,431.4054316991828,0,1,0
ARG,Argentina,2782471.641494034,40079.67223763487,2742391.969256399,2782440.127938823,313,modis_2024_Argentina.csv,54036.849036006344,2728434.7924580276,1635,43816,2,35284.984969498,2747186.6565245357,1000,44451,2,20452.75694092953,2762018.884553104,515,44936,2
ARM,Armenia,29590.890396244933,19.35186033169048,29571.53853591324,29559.819552285022,0,modis_2024_Armenia.csv,26.329706382959728,29564.560689861974,0,146,0,16.423384828878998,29574.467011416054,0,146,0,0.6602409822362283,29590.230155262696,0,146,0
ABW,Aruba,154.66609432244283,1.3834305686003938,153.28266375384243,151.71619574979178,0,modis_2024_Aruba.csv,0.8384191249281229,153.8276751975147,0,1,0,0.0,154.66609432244283,0,1,0,0.0,154.66609432244283,0,1,0
ATC,Ashmore and Cartier Islands,2.7075441742676944,0.0,2.7075441742676944,0.0,0,,0.0,2.7075441742676944,0,0,0,0.0,2.7075441742676944,0,0,0,0.0,2.7075441742676944,0,0,0
AUS,Australia,7691283.760943007,31326.634776286646,7659957.12616672,7705734.146661059,287,modis_2024_Australia.csv,49084.77461719135,7642198.986325815,447,210275,2,31835.2108886435,7659448.550054363,211,210511,2,5160.650242541296,7686123.110700466,36,210686,2
AUT,Austria,84148.79567317333,158.4450706493162,83990.350602524,83909.65800687732,0,modis_2024_Austria.csv,155.37753214259763,83993.41814103074,0,43,0,37.08165300315042,84111.71402017018,0,43,0,22.00887518246555,84126.78679799086,0,43,0
AZE,Azerbaijan,86500.61109329728,598.3803106778744,85902.2307826194,86406.47400186548,4,modis_2024_Azerbaijan.csv,917.710579790811,85582.90051350647,4,533,0,470.20757392656134,86030.40351937072,2,535,0,166.29321326250397,86334.31788003478,1,536,0
BHR,Bahrain,540.4359338483224,0.10811248264553379,540.3278213656769,540.0177779815143,0,modis_2024_Bahrain.csv,0.0,540.4359338483224,0,9,0,0.0,540.4359338483224,0,9,0,0.0,540.4359338483224,0,9,0
BGD,Bangladesh,135340.80883871386,56261.877991845206,79078.93084686865,135061.1710709964,743,modis_2024_Bangladesh.csv,83102.96916297088,52237.83967574297,103,1683,1,57452.74688313997,77888.06195557388,58,1728,1,29817.04872758304,105523.76011113082,25,1761,1
BRB,Barbados,387.8371032747549,3.711171275783114,384.1259319989718,391.25350545606574,0,modis_2024_Barbados.csv,0.8357226348156584,387.0013806399392,0,9,0,0.0,387.8371032747549,0,9,0,0.0,387.8371032747549,0,9,0
BLR,Belarus,207560.23091990256,29145.147391413913,178415.08352848864,204180.26474225565,4881,modis_2024_Belarus.csv,40575.09442047703,166985.13649942554,71,257,10,36935.77212065367,170624.45879924888,67,261,10,17230.561533301738,190329.6693866008,25,303,10
BEL,Belgium,30740.255193266286,189.3626386582854,30550.892554608003,30636.872093610124,0,modis_2024_Belgium.csv,73.66495369755614,30666.59023956873,0,29,0,0.0,30740.255193266286,0,29,0,0.0,30740.255193266286,0,29,0
BLZ,Belize,22704.995085127626,1904.4284524749105,20800.566632652717,22762.517368301687,13,modis_2024_Belize.csv,2818.6921145182573,19886.30297060937,207,1999,0,1693.0594906952374,21011.93559443239,102,2104,0,549.5317047673777,22155.46338036025,17,2189,0
BEN,Benin,116105.11244054543,931.6178562931642,115173.49458425227,116648.76033335178,2,modis_2024_Benin.csv,1700.2229236926162,114404.88951685281,149,8240,0,1530.4277996846217,114574.68464086081,149,8240,0,98.12326304343584,116006.989177502,1,8388,0
BMU,Bermuda,65.93942383961391,1.26256601502799,64.67685782458592,64.58392462132284,0,,0.72544309895545,65.21398074065846,0,0,0,0.0,65.93942383961391,0,0,0,0.0,65.93942383961391,0,0,0
BTN,Bhutan,39811.28877246844,340.30543732688824,39470.98333514155,39874.58923339362,0,modis_2024_Bhutan.csv,286.48821948499824,39524.80055298344,6,184,0,14.484399205506227,39796.80437326294,0,190,0,0.0,39811.28877246844,0,190,0
BOL,Bolivia,1086628.6174620267,21240.20874805027,1065388.4087139764,1090195.8872542512,83,modis_2024_Bolivia.csv,28893.173402488108,1057735.4440595387,4610,194055,16,10865.270050883317,1075763.3474111434,1879,196786,16,2654.9965055615085,1083973.6209564651,682,197983,16
BIH,Bosnia and Herzegovina,51789.40203075576,175.84500409809584,51613.55702665766,51683.76562271821,0,modis_2024_Bosnia_and_Herzegovina.csv,235.72574623897788,51553.67628451678,3,580,0,136.07093433317513,51653.33109642258,3,580,0,80.15529054120736,51709.24674021455,3,580,0
BWA,Botswana,579136.9896063363,3592.2802128093986,575544.7093935269,580584.9471125917,45,modis_2024_Botswana.csv,4613.248288771976,574523.7413175644,976,7008,6,3799.1710692875085,575337.8185370489,856,7128,6,2516.4922444426966,576620.4973618936,587,7397,6
BRA,Brazil,8467129.343875565,375281.44848028367,8091847.895395281,8498493.314176377,942,modis_2024_Brazil.csv,531428.2390310408,7935701.104844524,24774,468090,45,308698.7664557592,8158430.577419805,16020,476844,45,121535.34708371855,8345593.996791846,4848,488016,45
IOT,British Indian Ocean Territory,131.84454282225656,0.0,131.84454282225656,131.14860211398087,0,,0.0,131.84454282225656,0,0,0,0.0,131.84454282225656,0,0,0,0.0,131.84454282225656,0,0,0
VGB,British Virgin Islands,134.9386079679978,3.8800489386577013,131.0585590293401,134.32653526546025,0,,7.3181580749236455,127.62044989307415,0,0,0,0.0,134.9386079679978,0,0,0,0.0,134.9386079679978,0,0,0
BRN,Brunei,5647.197701041513,1376.63679104298,4270.560909998533,5669.868276045167,13,modis_2024_Brunei_Darussalam.csv,2020.0393691725396,3627.1583318689736,30,15,0,1705.0462816938648,3942.1514193476482,29,16,0,552.8992616587682,5094.298439382745,22,23,0
BGR,Bulgaria,112612.46842208276,269.01461053104606,112343.45381155172,112414.49344843582,0,modis_2024_Bulgaria.csv,268.4970661145361,112343.97135596823,6,1110,0,91.03535048459509,112521.43307159816,0,1116,0,22.048509962890968,112590.41991211988,0,1116,0
BFA,Burkina Faso,272627.37631126307,192.50611872001951,272434.870192543,273703.3451946069,0,modis_2024_Burkina_Faso.csv,279.1948576940889,272348.181453569,0,20137,0,146.43599662670132,272480.9403146364,0,20137,0,59.408446354945596,272567.9678649081,0,20137,0
BDI,Burundi,27087.034691490964,448.99817089644705,26638.036520594516,27212.89073442918,0,modis_2024_Burundi.csv,777.6907116895757,26309.34397980139,15,1002,0,669.6569301603095,26417.377761330656,12,1005,0,1.7158403634186103,27085.318851127544,0,1017,0
CPV,Cabo Verde,3572.6994815809917,0.0,3572.6994815809917,3587.4536390306203,0,,0.0,3572.6994815809917,0,0,0,0.0,3572.6994815809917,0,0,0,0.0,3572.6994815809917,0,0,0
KHM,Cambodia,180669.80677010192,10387.180652273548,170282.62611782836,181311.67027504824,41,modis_2024_Cambodia.csv,15050.471149393175,165619.33562070873,1767,23340,4,8229.432964459655,172440.37380564227,911,24196,4,2750.340798828007,177919.46597127392,324,24783,4
CMR,Cameroon,463872.0090432845,8497.9905011029,455374.01854218164,465798.0639827437,23,modis_2024_Cameroon.csv,11422.593209943503,452449.415833341,256,38061,0,6313.790314988988,457558.2187282955,150,38167,0,1297.573498561588,462574.43554472295,7,38310,0
CAN,Canada,9923056.30360756,1830992.3524542265,8092063.951153334,9867958.45463488,11,modis_2024_Canada.csv,3604310.8549580355,6318745.448649526,105980,21940,0,1289038.5768757674,8634017.726731794,50300,77620,0,681282.6195782698,9241773.68402929,30679,97241,0
CYM,Cayman Islands,300.41785171476425,49.21451719034771,251.20333452441653,289.070851737971,7,modis_2024_Cayman_Islands.csv,63.19933267677353,237.21851903799072,0,0,0,38.08209830820595,262.3357534065583,0,0,0,23.497706840043158,276.9201448747211,0,0,0
CAF,Central African Republic,618323.3955275666,3455.5184618065155,614867.8770657601,620927.6914621332,0,modis_2024_Central_African_Republic.csv,3530.5050686375844,614792.890458929,400,129197,0,490.3301077641068,617833.0654198024,21,129576,0,74.50545149266229,618248.8900760739,0,129597,0
TCD,Chad,1266568.5302928723,2134.669469462742,1264433.8608234096,1270864.7690223663,14,modis_2024_Chad.csv,3858.723566230441,1262709.806726642,157,36835,1,3341.746874432967,1263226.7834184393,156,36836,1,208.27174355734874,1266360.258549315,3,36989,1
CHL,Chile,737679.7531158773,19858.886729294245,717820.8663865831,737360.6064840417,114,modis_2024_Chile.csv,31848.223985033652,705831.5291308436,62,3745,3,19064.957308110657,718614.7958077666,12,3795,3,1602.3056392111243,736077.4474766662,2,3805,3
CHN,China,9373042.693806961,181026.2623950839,9192016.431411877,9365285.919052558,9902,modis_2024_China.csv,255082.74533988547,9117959.948467076,3408,72422,122,174753.97949881054,9198288.71430815,2504,73326,122,69418.4620300439,9303624.231776917,1434,74396,122
COL,Colombia,1134460.6499296671,86126.49989646337,1048334.1500332038,1139261.8908328877,205,modis_2024_Colombia.csv,126002.15712773801,1008458.4928019291,2600,20323,4,68213.90930649091,1066246.740623176,1444,21479,4,25319.659903923315,1109140.9900257438,431,22492,4
COM,Comoros,1579.657936259465,12.766131955223297,1566.8918043042418,1574.623405087566,0,modis_2024_Comoros.csv,5.044743573901973,1574.613192685563,0,43,0,0.0,1579.657936259465,0,43,0,0.0,1579.657936259465,0,43,0
COK,Cook Islands,60.488663284361124,0.0,60.488663284361124,58.430979500937234,0,,0.0,60.488663284361124,0,0,0,0.0,60.488663284361124,0,0,0,0.0,60.488663284361124,0,0,0
CRI,Costa Rica,51303.36255371363,2014.010006921776,49289.35254679186,51497.738323105106,6,modis_2024_Costa_Rica.csv,2704.247621760344,48599.114931953285,22,1102,0,1379.1577767495264,49924.20477696411,6,1118,0,524.8013860888225,50778.56116762481,1,1123,0
HRV,Croatia,54540.72880801946,167.27257955174412,54373.456228467716,54417.02490324741,0,modis_2024_Croatia.csv,228.176152202548,54312.552655816915,2,219,0,162.21343316540253,54378.51537485406,0,221,0,93.11391293462438,54447.61489508484,0,221,0
CUB,Cuba,109007.70009586214,9218.002998177293,99789.69709768484,109258.0955685532,36,modis_2024_Cuba.csv,14737.240073515646,94270.4600223465,358,6691,0,13340.488606953848,95667.21148890829,350,6699,0,3016.5540917751796,105991.14600408696,21,7028,0
CUW,Curaçao,428.01777962403605,3.878272821703704,424.13950680233233,429.70009826187595,0,modis_2024_Curacao.csv,0.0,428.01777962403605,0,0,0,0.0,428.01777962403605,0,0,0,0.0,428.01777962403605,0,0,0
CYP,Cyprus,5707.41853943181,17.065169872619368,5690.3533695591905,5705.774927393681,0,modis_2024_Cyprus.csv,13.413224480929337,5694.00531495088,0,47,0,4.94383058967761,5702.474708842133,0,47,0,2.8264090309621546,5704.592130400848,0,47,0
CZE,Czechia,78743.94107169962,367.44793107854224,78376.49314062108,78476.30921289364,0,modis_2024_Czech_Republic.csv,439.7383210894214,78304.2027506102,0,35,0,126.36803347960577,78617.57303822001,0,35,0,33.02079082896045,78710.92028087066,0,35,0
COD,Democratic Republic of the Congo,2324449.616578841,193904.68042148667,2130544.9361573546,2333720.9387825737,1077,modis_2024_Democratic_Republic_of_the_Congo.csv,247529.43778841416,2076920.178790427,11879,483281,15,187324.17514049745,2137125.441438344,6731,488429,15,119951.43151776351,2204498.1850610776,2113,493047,15
DNK,Denmark,42618.676186328696,2065.876341676405,40552.79984465229,42410.06901315135,0,modis_2024_Denmark.csv,2282.616778939364,40336.05940738933,1,64,0,498.8456585353665,42119.83052779333,0,65,0,154.12440683761724,42464.55177949108,0,65,0
DJI,Djibouti,21618.946269870383,33.01543461598362,21585.9308352544,21714.113703598774,0,modis_2024_Djibouti.csv,28.61767722881569,21590.328592641567,0,46,0,7.577718904088552,21611.368550966294,0,46,0,1.683396699548927,21617.262873170836,0,46,0
DMA,Dominica,695.3811834031951,7.474219867983793,687.9069635352113,697.7072506750485,0,modis_2024_Dominica.csv,3.312425906532387,692.0687574966627,0,1,0,0.8282055294795209,694.5529778737156,0,1,0,0.0,695.3811834031951,0,1,0
DOM,Dominican Republic,48440.33023354923,594.906539975827,47845.42369357341,48573.932279222834,4,modis_2024_Dominican_Republic.csv,870.2577785443691,47570.07245500486,7,897,0,475.92081344025144,47964.40942010898,7,897,0,78.64971622616576,48361.68051732307,2,902,0
TLS,East Timor,14958.298551316633,75.99795325320486,14882.300598063428,15024.393646267643,0,modis_2024_Timor-Leste.csv,92.40573302549211,14865.89281829114,1,225,0,30.50679170560987,14927.791759611024,1,225,0,2.542919021492335,14955.75563229514,0,226,0
ECU,Ecuador,254528.71737650238,12009.8619958818,242518.85538062057,255673.8201127255,25,modis_2024_Ecuador.csv,16637.949953313666,237890.76742318872,318,4450,4,8896.493353492657,245632.2240230097,183,4585,4,3821.092584305605,250707.62479219676,73,4695,4
EGY,Egypt,1001779.0658226132,5826.040313034053,995953.0255095791,1002599.2690156819,78,modis_2024_Egypt.csv,8445.050987653767,993334.0148349594,63,943,0,5004.550984547333,996774.5148380658,45,961,0,2551.988542339286,999227.0772802739,27,979,0
SLV,El Salvador,20315.273330843982,443.81839479462417,19871.45493604936,20380.969998283486,13,modis_2024_El_Salvador.csv,618.8206910817602,19696.45263976222,2,777,0,330.83460346165566,19984.438727382327,0,779,0,184.64868875173343,20130.624642092247,0,779,0
GNQ,Equatorial Guinea,26525.055539002333,811.9933139562885,25713.062225046044,26612.15400646257,0,modis_2024_Equatorial_Guinea.csv,955.3394257678431,25569.716113234488,4,225,0,214.59575220680065,26310.45978679553,0,229,0,26.611493834454798,26498.44404516788,0,229,0
ERI,Eritrea,123247.78152952084,25.75452154622179,123222.02700797463,123669.87284896403,0,modis_2024_Eritrea.csv,13.354468681555336,123234.42706083928,0,279,0,0.8337032350559609,123246.94782628579,0,279,0,0.0,123247.78152952084,0,279,0
EST,Estonia,45697.904739518315,11116.81167440937,34581.093065108944,45450.8638759016,0,modis_2024_Estonia.csv,16447.081658139443,29250.823081378872,6,4,0,8954.534085482741,36743.37065403558,2,8,0,4964.322898518247,40733.581841000065,2,8,0
ETH,Ethiopia,1127095.7728451744,3513.755697135679,1123582.0171480388,1131741.916136404,2,modis_2024_Ethiopia.csv,4911.935964113824,1122183.8368810606,222,39820,0,3332.119584002263,1123763.6532611721,133,39909,0,212.34627400020887,1126883.4265711743,18,40024,0
FLK,Falkland Islands,11429.97298825473,2698.97707179586,8730.99591645887,11390.199887034143,0,,5254.290480720782,6175.682507533948,0,0,0,5128.988027417044,6300.984960837687,0,0,0,3.7146925074736874,11426.258295747257,0,0,0
FRO,Faroe Islands,1041.3599980862552,81.55306907994728,959.806929006308,1032.9027356729298,0,,163.10613815989458,878.2538599263606,0,0,0,163.10613815989458,878.2538599263606,0,0,0,0.0,1041.3599980862552,0,0,0
FSM,Federated States of Micronesia,521.8565184715999,20.044122371534,501.8123961000659,526.0268417218806,0,,35.56613735505129,486.2903811165486,0,0,0,9.315718699204519,512.5407997723954,0,0,0,0.0,521.8565184715999,0,0,0
FJI,Fiji,18346.4251765894,0.0,18346.4251765894,13916.693839331228,0,modis_2024_Fiji.csv,0.0,18346.4251765894,0,285,41,0.0,18346.4251765894,0,285,41,0.0,18346.4251765894,0,285,41
FIN,Finland,332611.5284325191,92145.25617481208,240466.27225770702,330486.8977849168,17,modis_2024_Finland.csv,147964.9276588867,184646.6007736324,82,48,0,76962.81477546495,255648.71365705418,51,79,0,28489.38888748181,304122.1395450373,21,109,0
FRA,France,636064.0197429158,7230.381022117718,628833.6387207981,635029.220828349,8,modis_2024_France.csv,9077.947765416136,626986.0719774996,7,789,0,4393.677498194837,631670.3422447209,4,792,0,1783.7869618317864,634280.232781084,0,796,0
PYF,French Polynesia,2605.464950349558,0.0,2605.464950349558,2619.6232203680856,0,modis_2024_French_Polynesia.csv,0.0,2605.464950349558,0,0,0,0.0,2605.464950349558,0,0,0,0.0,2605.464950349558,0,0,0
ATF,French Southern and Antarctic Lands,6993.97996467918,0.0,6993.97996467918,6972.3550956818635,0,,0.0,6993.97996467918,0,0,0,0.0,6993.97996467918,0,0,0,0.0,6993.97996467918,0,0,0
GAB,Gabon,259499.95061713737,9153.591887743141,250346.3587293942,260676.01592259153,27,modis_2024_Gabon.csv,11636.030577247811,247863.92003988955,52,2754,0,3362.236754388554,256137.71386274882,8,2798,0,950.2671787184399,258549.68343841893,1,2805,0
GMB,Gambia,10274.908119792932,848.7912212453099,9426.116898547622,10304.929444307227,7,modis_2024_The_Gambia.csv,1166.569772132752,9108.33834766018,21,1265,0,917.7578101150211,9357.15030967791,17,1269,0,499.440437663692,9775.46768212924,0,1286,0
GEO,Georgia,69413.07708475996,329.3406851233537,69083.7363996366,69295.54701783521,0,modis_2024_Georgia.csv,658.6813702467075,68754.39571451326,22,340,0,658.6813702467075,68754.39571451326,22,340,0,0.0,69413.07708475996,0,362,0
DEU,Germany,357460.84095192095,20499.335123319644,336961.5058286013,356180.99076248874,2,modis_2024_Germany.csv,28995.482909324804,328465.35804259614,45,723,0,13841.843234175692,343618.99771774525,17,751,0,6874.43011568707,350586.4108362339,9,759,0
GHA,Ghana,238558.54044840974,2544.4805663414095,236014.05988206834,239548.66423829916,7,modis_2024_Ghana.csv,3769.3398376490013,234789.20061076074,47,44526,0,1499.6825223553392,237058.8579260544,22,44551,0,480.09614133061075,238078.44430707913,6,44567,0
GRC,Greece,130274.27650904756,353.3757274607453,129920.90078158681,130189.25532863609,0,modis_2024_Greece.csv,310.72122219058775,129963.55528685696,1,1142,0,216.3723336458616,130057.9041754017,1,1142,0,161.100500642974,130113.17600840458,1,1142,0
GRL,Greenland,2171353.770439485,0.0,2171353.770439485,2154786.1075486825,0,modis_2024_Greenland.csv,0.0,2171353.770439485,0,3,0,0.0,2171353.770439485,0,3,0,0.0,2171353.770439485,0,3,0
GRD,Grenada,284.91169295903813,3.316187990932633,281.5955049681055,284.5930554145673,0,,0.8396395720105102,284.0720533870276,0,0,0,0.0,284.91169295903813,0,0,0,0.0,284.91169295903813,0,0,0
GUM,Guam,480.40496376486897,0.0,480.40496376486897,486.03499917678766,0,modis_2024_Guam.csv,0.0,480.40496376486897,0,9,0,0.0,480.40496376486897,0,9,0,0.0,480.40496376486897,0,9,0
GTM,Guatemala,108101.83030190394,1580.2733038327235,106521.55699807122,108422.78346548096,2,modis_2024_Guatemala.csv,2251.949832842719,105849.88046906123,250,10402,0,771.1360600730613,107330.69424183089,71,10581,0,159.42624505175917,107942.40405685219,10,10642,0
GGY,Guernsey,48.2127925706358,0.0,48.2127925706358,46.31353536835139,0,,0.0,48.2127925706358,0,0,0,0.0,48.2127925706358,0,0,0,0.0,48.2127925706358,0,0,0
GIN,Guinea,243939.50621416178,3585.656714304677,240353.8494998571,244853.17927186066,52,modis_2024_Guinea.csv,4293.140405142549,239646.36580901925,323,66540,0,3497.8992593833273,240441.60695477846,187,66676,0,2473.77076782274,241465.73544633904,85,66778,0
GNB,Guinea-Bissau,31931.41776347825,2856.3181110567475,29075.0996524215,32055.710879264265,20,modis_2024_Guinea-Bissau.csv,3769.8270399387984,28161.59072353945,126,4694,0,2876.9354905211885,29054.482272957062,71,4749,0,1728.5568168223754,30202.860946655874,26,4794,0
GUY,Guyana,211022.96908635498,13412.98309913234,197609.98598722264,211940.82111304952,7,modis_2024_Guyana.csv,18365.584551930333,192657.38453442464,1476,3671,0,12438.357926882005,198584.61115947296,1319,3828,0,5238.057198217205,205784.91188813778,416,4731,0
HTI,Haiti,26723.9404654402,428.7331666061342,26295.207298834066,26813.48140933581,0,modis_2024_Haiti.csv,613.3996787727044,26110.540786667494,26,235,0,372.1562748139115,26351.784190626287,23,238,0,53.4774203665209,26670.463045073677,3,258,0
HMD,Heard Island and McDonald Islands,420.27910649995255,0.0,420.27910649995255,414.6293117283948,0,modis_2024_Heard_I_and_McDonald_Islands.csv,0.0,420.27910649995255,0,0,0,0.0,420.27910649995255,0,0,0,0.0,420.27910649995255,0,0,0
HND,Honduras,113108.31612910399,5830.518486529625,107277.79764257435,113490.76536899176,24,modis_2024_Honduras.csv,8505.812413415331,104602.50371568865,629,9007,1,7137.74002836944,105970.57610073454,502,9134,1,2760.5528934315985,110347.76323567239,202,9434,1
HKG,Hong Kong S.A.R.,1026.3131144792703,54.88122169979514,971.4318927794752,1026.4603661219473,1,modis_2024_Hong_Kong.csv,72.20142285252126,954.111691626749,0,2,0,28.561013813117057,997.7521006661533,0,2,0,7.933604959414621,1018.3795095198557,0,2,0
HUN,Hungary,93213.75578817245,4743.013350652347,88470.74243752011,92950.39956500703,1,modis_2024_Hungary.csv,5419.087375799701,87794.66841237275,18,187,0,2378.438276633232,90835.31751153922,9,196,0,1292.02672239729,91921.72906577516,8,197,0
ISL,Iceland,101819.3170753118,8962.05300719648,92857.26406811533,101162.05965177731,0,modis_2024_Iceland.csv,14207.031490564494,87612.28558474731,0,157,0,4860.1877407525935,96959.12933455921,0,157,0,1007.2552540311176,100812.06182128069,0,157,0
IND,India,3148249.7872324972,57949.10809902532,3090300.679133472,3155395.230847963,515,modis_2024_India.csv,82080.30968533174,3066169.4775471655,1040,65203,3,39023.60699246209,3109226.180240035,455,65788,3,15805.203066751053,3132444.5841657463,173,66070,3
IOA,Indian Ocean Territories,143.11890654992885,3.216664815763269,139.90224173416559,140.0854046228286,0,,0.8442097113221338,142.27469683860673,0,0,0,0.0,143.11890654992885,0,0,0,0.0,143.11890654992885,0,0,0
IDN,Indonesia,1863914.8715162945,374573.33497749077,1489341.5365388037,1868757.328501586,3559,modis_2024_Indonesia.csv,480672.2080296459,1383242.6634866486,4542,13648,24,435296.78565530997,1428618.0858609846,4206,13984,24,242896.35448641813,1621018.5170298764,2392,15798,24
IRN,Iran,1621856.1276702692,3692.845966808209,1618163.281703461,1622702.8223630514,206,modis_2024_Iran.csv,5146.125481786479,1616710.0021884828,35,10219,6,3011.0655353416746,1618845.0621349276,26,10228,6,1623.4250188960714,1620232.702651373,22,10232,6
IRQ,Iraq,437232.83479066606,1922.680411065907,435310.15437960014,437329.7413457081,173,modis_2024_Iraq.csv,2654.1168723253886,434578.7179183407,52,9522,7,1583.0877168885067,435649.74707377754,33,9541,7,871.5417669482522,436361.2930237178,22,9552,7
IRL,Ireland,68981.45420822038,17119.93239273505,51861.521815485336,68697.0684869699,4,modis_2024_Ireland.csv,23909.087777748282,45072.3664304721,7,10,0,15905.643540325642,53075.810667894744,7,10,0,9778.033023279351,59203.421184941035,2,15,0
IMN,Isle of Man,559.7450970405044,0.0,559.7450970405044,557.6875262875512,0,,0.0,559.7450970405044,0,0,0,0.0,559.7450970405044,0,0,0,0.0,559.7450970405044,0,0,0
ISR,Israel,22032.761622361042,58.435252465013676,21974.32636989603,22051.12615179161,2,modis_2024_Israel.csv,68.03232899989592,21964.729293361146,0,265,0,22.04999638268047,22010.71162597836,0,265,0,12.49283599851976,22020.26878636252,0,265,0
ITA,Italy,300793.5319154716,461.0503972876008,300332.481518184,300277.5183477254,0,modis_2024_Italy.csv,294.5270135790635,300499.0049018925,1,2021,0,45.516064677859,300748.01585079374,0,2022,0,19.231064050691597,300774.3008514209,0,2022,0
CIV,Ivory Coast,320933.6865419355,2438.1260078773494,318495.56053405814,322292.29579439864,3,modis_2024_Cote_d_Ivoire.csv,3713.640107947057,317220.04643398843,57,22443,0,2226.4910304741916,318707.1955114613,36,22464,0,442.9366597784636,320490.749882157,7,22493,0
JAM,Jamaica,10898.026680662075,302.37439362811216,10595.652287033963,10927.016621931223,0,modis_2024_Jamaica.csv,472.5924827434419,10425.434197918632,17,103,0,337.90356681939824,10560.123113842677,15,105,0,55.50487225795973,10842.521808404115,5,115,0
JPN,Japan,370274.62574703095,10265.62072884474,360009.00501818623,369527.5575082483,868,modis_2024_Japan.csv,13137.068362718988,357137.557384312,4,1018,0,12593.74647169654,357680.8792753344,4,1018,0,7216.9162186585145,363057.70952837245,0,1022,0
JEY,Jersey,126.73911919466686,0.0,126.73911919466686,125.62868118014956,0,,0.0,126.73911919466686,0,0,0,0.0,126.73911919466686,0,0,0,0.0,126.73911919466686,0,0,0
JOR,Jordan,88782.4002801481,38.448128736418724,88743.95215141168,88861.21568474514,0,modis_2024_Jordan.csv,36.749658858344304,88745.65062128975,0,52,0,8.824904849822222,88773.57537529827,0,52,0,2.2063871136924043,88780.1938930344,0,52,0
KAZ,Kazakhstan,2720709.2861450226,34876.14040631944,2685833.145738703,2712118.6600153814,1244,modis_2024_Kazakhstan.csv,53494.375613711614,2667214.910531311,939,4823,0,53093.22297419657,2667616.063170826,939,4823,0,16265.095977082296,2704444.19016794,178,5584,0
KEN,Kenya,592189.9051628218,1412.0651924198453,590777.839970402,594851.7089694062,4,modis_2024_Kenya.csv,1988.2541743227048,590201.650988499,44,2869,0,1218.149156417422,590971.7560064043,37,2876,0,124.13581333598442,592065.7693494858,4,2909,0
KIR,Kiribati,933.3827865006673,0.0,933.3827865006673,936.4549858084243,0,,0.0,933.3827865006673,0,0,0,0.0,933.3827865006673,0,0,0,0.0,933.3827865006673,0,0,0
KOS,Kosovo,10929.601094882244,3.386749143226461,10926.214345739018,10911.451036791177,0,modis_2024_Kosovo.csv,1.9080270805441129,10927.6930678017,0,247,0,0.6394323569039041,10928.96166252534,0,247,0,0.0,10929.601094882244,0,247,0
KWT,Kuwait,17307.758335820803,5.539841562863516,17302.21849425794,17318.445470012754,0,modis_2024_Kuwait.csv,1.4890795088164008,17306.269256311985,0,352,0,0.0,17307.758335820803,0,352,0,0.0,17307.758335820803,0,352,0
KGZ,Kyrgyzstan,198928.30284963132,295.60980388509967,198632.69304574621,198645.12037494258,0,modis_2024_Kyrgyzstan.csv,597.6041537400417,198330.69869589127,0,105,0,551.6416814208856,198376.66116821044,0,105,0,0.0,198928.30284963132,0,105,0
LAO,Laos,228233.13482104582,2713.6870346296637,225519.44778641616,228944.61672381355,0,modis_2024_Lao_PDR.csv,3169.757699327868,225063.37712171796,317,43425,0,989.3286836491018,227243.80613739672,88,43654,0,110.87770304649146,228122.25711799934,5,43737,0
LVA,Latvia,64578.76654398918,9195.038340984467,55383.72820300471,64260.14872322799,0,modis_2024_Latvia.csv,12765.785373339848,51812.981170649335,11,16,0,4734.285005950915,59844.481538038264,8,19,0,1957.1268739218326,62621.63967006734,3,24,0
LBN,Lebanon,10009.005068628618,17.1797299166741,9991.825338711944,10010.176969919885,0,modis_2024_Lebanon.csv,12.035578743644644,9996.969489884974,1,209,0,1.413842770087274,10007.59122585853,0,210,0,0.0,10009.005068628618,0,210,0
LSO,Lesotho,29991.070936387536,21.12221415438797,29969.948722233148,30031.6776855389,0,modis_2024_Lesotho.csv,20.974008216691672,29970.096928170846,0,1144,0,0.0,29991.070936387536,0,1144,0,0.0,29991.070936387536,0,1144,0
LBR,Liberia,95252.11687822171,3336.432789617874,91915.68408860384,95665.1980398539,2,modis_2024_Liberia.csv,3992.7279488438917,91259.38892937782,388,10912,0,1900.185153324379,93351.93172489734,228,11072,0,779.5778314693284,94472.53904675238,72,11228,0
LBY,Libya,1623728.7713964684,67.27169209538128,1623661.499704373,1626398.3338291806,0,modis_2024_Libya.csv,50.299921627525656,1623678.4714748408,0,393,0,20.41192351070449,1623708.3594729577,0,393,0,9.465554237159331,1623719.3058422313,0,393,0
LIE,Liechtenstein,138.34473816524505,1.6105476959434384,136.7341904693016,136.67602240849345,0,,2.918004166413895,135.42673399883114,0,0,0,0.5828496813028695,137.7618884839422,0,0,0,0.0,138.34473816524505,0,0,0
LTU,Lithuania,64816.66036227034,9035.88200367679,55780.778358593554,64522.17797937815,1,modis_2024_Lithuania.csv,14523.513209231605,50293.147153038735,5,11,0,4227.280778314005,60589.37958395634,4,12,0,1275.210068332155,63541.450293938185,1,15,0
LUX,Luxembourg,2620.659368388545,39.66749053605078,2580.991877852494,2611.5293960549297,0,modis_2024_Luxembourg.csv,5.540928645997655,2615.1184397425473,0,0,0,0.0,2620.659368388545,0,0,0,0.0,2620.659368388545,0,0,0
MAC,Macao S.A.R,22.68134691442132,3.4733475979400406,19.207999316481278,22.25586289190007,0,,5.563694140039048,17.11765277438227,0,0,0,0.7948472011485249,21.886499713272794,0,0,0,0.0,22.68134691442132,0,0,0
MDG,Madagascar,592828.713333476,6714.229786479988,586114.483546996,594553.39499453,34,modis_2024_Madagascar.csv,10216.60990917131,582612.1034243046,643,65363,0,6785.5691560498035,586043.1441774262,526,65480,0,1105.909214525925,591722.80411895,52,65954,0
MWI,Malawi,119343.99117672333,718.5341163626262,118625.4570603607,119804.82155953538,4,modis_2024_Malawi.csv,993.8385132620599,118350.15266346127,19,7406,0,263.6070556860741,119080.38412103725,14,7411,0,53.80845892157948,119290.18271780176,3,7422,0
MYS,Malaysia,326202.3621995722,46681.475774862025,279520.88642471016,326748.17550287757,1058,modis_2024_Malaysia.csv,58386.61940629549,267815.74279327673,1133,1000,30,45856.23712511926,280346.12507445295,1003,1130,30,29963.98565106854,296238.37654850364,797,1336,30
MDV,Maldives,66.11872865723716,0.0,66.11872865723716,32.540635169040705,0,modis_2024_Maldives.csv,0.0,66.11872865723716,0,0,0,0.0,66.11872865723716,0,0,0,0.0,66.11872865723716,0,0,0
MLI,Mali,1254119.4813422582,1077.7664844572632,1253041.7148578009,1258105.8350200737,3,modis_2024_Mali.csv,1864.7074200045597,1252254.7739222536,121,34280,0,1572.0266703966363,1252547.4546718616,119,34282,0,46.463483058559234,1254073.0178591996,0,34401,0
MLT,Malta,273.8154838161155,0.20872960773708918,273.6067542083784,274.65790736681004,0,modis_2024_Malta.csv,0.0,273.8154838161155,0,0,0,0.0,273.8154838161155,0,0,0,0.0,273.8154838161155,0,0,0
MHL,Marshall Islands,236.4333882902493,0.0,236.4333882902493,235.15985765974665,0,,0.0,236.4333882902493,0,0,0,0.0,236.4333882902493,0,0,0,0.0,236.4333882902493,0,0,0
MRT,Mauritania,1035383.8582448605,169.13546352852768,1035214.722781332,1038209.701024366,15,modis_2024_Mauritania.csv,246.40897476722952,1035137.4492700933,2,656,0,140.93303558315048,1035242.9252092774,0,658,0,61.81837757043907,1035322.0398672901,0,658,0
MUS,Mauritius,1873.8626266558513,0.0,1873.8626266558513,1880.649931028261,0,modis_2024_Mauritius.csv,0.0,1873.8626266558513,0,30,0,0.0,1873.8626266558513,0,30,0,0.0,1873.8626266558513,0,30,0
MEX,Mexico,1957877.708722754,23716.509978939015,1934161.1987438148,1962107.5419725918,126,modis_2024_Mexico.csv,36579.2876919802,1921298.4210307738,2529,66080,1,27206.938523982724,1930670.7701987713,2116,66493,1,7252.006375648417,1950625.7023471056,531,68078,1
MDA,Moldova,33207.761288253474,64.26597244983773,33143.49531580364,33113.396547017015,6,modis_2024_Moldova.csv,98.66828848164731,33109.09299977183,0,127,0,36.103740822045765,33171.65754743143,0,127,0,32.55334979741365,33175.207938456064,0,127,0
MCO,Monaco,12.437619754415035,0.0,12.437619754415035,11.163710860937993,0,,0.0,12.437619754415035,0,0,0,0.0,12.437619754415035,0,0,0,0.0,12.437619754415035,0,0,0
MNG,Mongolia,1564511.0991579825,157516.28832776425,1406994.8108302183,1558394.3202621602,3569,modis_2024_Mongolia.csv,185817.71280940602,1378693.3863485765,26,578,0,181318.01672316392,1383193.0824348186,25,579,0,130060.33498501708,1434450.7641729654,7,597,0
MNE,Montenegro,13689.699643341877,67.3482188308138,13622.351424511064,13668.955944600995,0,modis_2024_Montenegro.csv,107.40305650014369,13582.296586841734,0,296,0,43.223510877568934,13646.476132464308,0,296,0,32.40126888122372,13657.298374460654,0,296,0
MSR,Montserrat,79.512596527492,0.8798004650558985,78.6327960624361,76.46872289184627,0,modis_2024_Montserrat.csv,0.0,79.512596527492,0,0,0,0.0,79.512596527492,0,0,0,0.0,79.512596527492,0,0,0
MAR,Morocco,581747.7766238337,185.75860607009255,581562.0180177636,582419.3446000388,0,modis_2024_Morocco.csv,211.77001793309114,581536.0066059006,0,139,0,20.67886707225714,581727.0977567615,0,139,0,4.943189226629755,581742.833434607,0,139,0
MOZ,Mozambique,788105.3157215458,5390.518691701263,782714.7970298446,790648.4947074732,41,modis_2024_Mozambique.csv,8562.177715907623,779543.1380056383,575,149886,0,5642.211291350945,782463.104430195,528,149933,0,858.119885722178,787247.1958358237,6,150455,0
MMR,Myanmar,660975.3476194298,26853.234357576417,634122.1132618533,662317.7602688953,504,modis_2024_Myanmar.csv,36907.12698931535,624068.2206301144,1283,50948,6,20938.794064666734,640036.5535547631,668,51563,6,9346.089135937671,651629.2584834922,244,51987,6
NAM,Namibia,822547.4435572431,987.8782608650394,821559.5652963781,824619.9648756474,17,modis_2024_Namibia.csv,1434.220998590719,821113.2225586524,304,5523,4,1110.7734041698004,821436.6701530733,270,5557,4,351.75510812251457,822195.6884491206,99,5728,4
NRU,Nauru,27.670911171191985,0.0,27.670911171191985,26.61659522719475,0,,0.0,27.670911171191985,0,0,0,0.0,27.670911171191985,0,0,0,0.0,27.670911171191985,0,0,0
NPL,Nepal,146977.03724091253,1930.180785625469,145046.85645528705,147186.60990645937,1,modis_2024_Nepal.csv,2483.4494259750427,144493.5878149375,141,6306,0,1126.2360559307403,145850.8011849818,60,6387,0,192.5553574204359,146784.4818834921,7,6440,0
NLD,Netherlands,37277.5372317101,5037.824487614783,32239.712744095315,37121.5526414179,2,modis_2024_Netherlands.csv,6870.218491707237,30407.318740002862,11,83,0,4762.197622330158,32515.339609379942,8,86,0,3110.7655478977995,34166.7716838123,5,89,0
NCL,New Caledonia,18615.914364065993,539.2397479686165,18076.674616097378,18593.774400535985,5,modis_2024_New_Caledonia.csv,785.4916694070647,17830.42269465893,6,235,0,204.8803145192842,18411.03404954671,0,241,0,64.80954131005964,18551.104822755933,0,241,0
NZL,New Zealand,267248.95859610057,3502.475040746059,263746.4835553545,266869.45695301594,10,modis_2024_New_Zealand.csv,5619.053024153525,261629.90557194705,7,377,0,3112.46934672527,264136.4892493753,7,377,0,304.4975375490482,266944.4610585515,2,382,0
NIC,Nicaragua,128749.64806337527,9829.219668014806,118920.42839536046,129199.22459791078,34,modis_2024_Nicaragua.csv,14217.823105475829,114531.82495789943,1752,5846,0,12048.206886628104,116701.44117674716,1563,6035,0,3953.020695646469,124796.6273677288,455,7143,0
NER,Niger,1181201.3280246388,355.5581677542996,1180845.7698568846,1185053.9784650342,1,modis_2024_Niger.csv,606.6850574939119,1180594.642967145,0,2267,0,304.99578579608783,1180896.3322388427,0,2267,0,89.99762337197686,1181111.330401267,0,2267,0
NGA,Nigeria,907835.5595045296,26795.760211293124,881039.7992932365,911426.80197622,126,modis_2024_Nigeria.csv,38250.346597960735,869585.2129065689,2230,67025,3,29855.42064028478,877980.1388642448,1482,67773,3,13443.293217165108,894392.2662873644,375,68880,3
NIU,Niue,196.38667610525607,0.0,196.38667610525607,198.8458186950959,0,,0.0,196.38667610525607,0,0,0,0.0,196.38667610525607,0,0,0,0.0,196.38667610525607,0,0,0
NFK,Norfolk Island,41.0889839607758,0.0,41.0889839607758,39.782239548308496,0,,0.0,41.0889839607758,0,0,0,0.0,41.0889839607758,0,0,0,0.0,41.0889839607758,0,0,0
PRK,North Korea,122627.94271272277,1915.337421969583,120712.60529075318,122336.88449862106,196,modis_2024_Dem_Rep_Korea.csv,2362.7827570606414,120265.15995566212,6,397,0,1407.5175727346925,121220.42513998807,2,401,0,1021.9995964506339,121605.94311627213,2,401,0
MKD,North Macedonia,25400.44680474889,30.115582088160956,25370.33122266073,25370.851287849062,0,,12.183419512196652,25388.263385236696,0,0,0,1.9182958124714609,25398.52850893642,0,0,0,0.0,25400.44680474889,0,0,0
CYN,Northern Cyprus,3470.4641351095565,6.529753330358635,3463.934381779198,3472.475593079291,0,,2.0995650988630516,3468.3645700106936,0,0,0,0.0,3470.4641351095565,0,0,0,0.0,3470.4641351095565,0,0,0
MNP,Northern Mariana Islands,392.14480237298716,0.0,392.14480237298716,385.6527377176378,0,modis_2024_Northern_Mariana_Islands.csv,0.0,392.14480237298716,0,8,0,0.0,392.14480237298716,0,8,0,0.0,392.14480237298716,0,8,0
NOR,Norway,386809.3104789504,23538.336866458063,363270.9736124923,384244.71253630606,0,modis_2024_Norway.csv,34438.737032718695,352370.57344623166,0,32,0,9298.850919157285,377510.4595597931,0,32,0,1876.612662310231,384932.69781664014,0,32,0
OMN,Oman,311194.54888114554,18.811536556555744,311175.73734458897,312074.2224525814,0,modis_2024_Oman.csv,0.8055675330408707,311193.7433136125,0,501,0,0.0,311194.54888114554,0,501,0,0.0,311194.54888114554,0,501,0
PAK,Pakistan,872783.0058457578,7974.245518568721,864808.7603271891,873418.0126780865,435,modis_2024_Pakistan.csv,10635.945207964613,862147.0606377932,120,11663,0,6324.4901012500095,866458.5157445078,40,11743,0,3726.178757035077,869056.8270887227,16,11767,0
PLW,Palau,339.1701761014537,10.350989882404967,328.81918621904873,339.78415609376157,0,,11.066889288263598,328.1032868131901,0,0,0,4.256436412380923,334.91373968907277,0,0,0,0.0,339.1701761014537,0,0,0
PSX,Palestine,6328.731465994333,8.344660164143313,6320.38680583019,6329.753124474697,0,modis_2024_Palestine.csv,3.654608458009915,6325.076857536324,0,89,0,0.0,6328.731465994333,0,89,0,0.0,6328.731465994333,0,89,0
PAN,Panama,73934.83718567881,2438.518766657288,71496.31841902153,74226.33507984658,6,modis_2024_Panama.csv,3676.9634748612807,70257.87371081754,32,1427,0,1867.1306734754912,72067.70651220332,15,1444,0,557.6133361446778,73377.22384953413,7,1452,0
PNG,Papua New Guinea,462299.19338278077,61500.37095065636,400798.8224321244,464239.69414925715,93,modis_2024_Papua_New_Guinea.csv,88237.88089110964,374061.3124916711,1001,3110,0,71265.3903990201,391033.80298376066,917,3194,0,25012.969945960856,437286.2234368199,195,3916,0
PRY,Paraguay,399949.39480484166,10746.740705877888,389202.6540989638,400764.26133078616,204,modis_2024_Paraguay.csv,15274.867712532014,384674.52709230967,1915,37599,11,8763.528258527676,391185.866546314,935,38579,11,4389.718240825419,395559.67656401626,410,39104,11
PER,Peru,1291025.6565390287,119653.14853084566,1171372.508008183,1295137.56218766,1378,modis_2024_Peru.csv,152006.32095048955,1139019.3355885393,1822,17648,4,112873.17379647463,1178152.482742554,1173,18297,4,75818.20416591997,1215207.4523731088,587,18883,4
PHL,Philippines,289182.3822510506,13463.90258644168,275718.47966460895,290273.62254556397,55,modis_2024_Philippines.csv,19547.848676425103,269634.5335746255,175,5197,0,10903.662475791258,278278.7197752594,95,5277,0,3824.2964120807433,285358.08583896986,33,5339,0
PCN,Pitcairn Islands,38.591043686515185,0.0,38.591043686515185,36.76188139138678,0,,0.0,38.591043686515185,0,0,0,0.0,38.591043686515185,0,0,0,0.0,38.591043686515185,0,0,0
POL,Poland,313763.21471334435,22701.403759819856,291061.8109535245,312541.30982802436,1,modis_2024_Poland.csv,32998.07341730131,280765.14129604306,12,188,0,10520.503425407895,303242.7112879364,5,195,0,3093.841767818445,310669.3729455259,2,198,0
PRT,Portugal,90846.57636030478,340.59889535050246,90505.97746495428,90759.31825143311,0,modis_2024_Portugal.csv,497.91907277728336,90348.6572875275,7,2945,0,439.0393746675584,90407.53698563723,4,2948,0,12.697913326827207,90833.87844697795,3,2949,0
PRI,Puerto Rico,8916.423517070023,200.97326169635974,8715.450255373664,8922.844337648643,0,modis_2024_Puerto_Rico.csv,293.5105597755604,8622.912957294462,0,21,0,172.02485337069493,8744.398663699329,0,21,0,43.1744121416115,8873.24910492841,0,21,0
QAT,Qatar,11051.67719751489,2.254312437611087,11049.422885077278,11075.884554525732,0,modis_2024_Qatar.csv,0.0,11051.67719751489,0,23,0,0.0,11051.67719751489,0,23,0,0.0,11051.67719751489,0,23,0
SRB,Republic of Serbia,77647.94025515621,154.3085933988943,77493.63166175732,77498.0006263746,0,modis_2024_Serbia.csv,211.9307130614991,77436.0095420947,0,1197,0,136.22657703472538,77511.71367812148,0,1197,0,83.77102048587741,77564.16923467033,0,1197,0
COG,Republic of the Congo,345334.02232339635,73998.26867087725,271335.7536525191,346695.4491895313,234,,88222.22517109118,257111.79715230517,0,0,0,76642.54206899676,268691.4802543996,0,0,0,57313.88337226906,288020.1389511273,0,0,0
ROU,Romania,236340.05330733114,3762.21233597318,232577.84097135795,235763.81730746574,0,modis_2024_Romania.csv,3527.370803741587,232812.68250358955,41,1559,0,2474.149655875297,233865.90365145585,24,1576,0,1810.5121958338568,234529.54111149727,18,1582,0
RUS,Russia,16973548.41934978,3090599.4738746034,13882948.945475176,16770160.68087459,209902,modis_2024_Russian_Federation.csv,4936570.3846029,12036978.034746878,52573,161594,661,4763870.875312235,12209677.544037543,51954,162213,661,1280182.4047960867,15693366.014553692,12989,201178,661
RWA,Rwanda,25272.601958795338,944.1899334293563,24328.412025365982,25373.94649352983,0,modis_2024_Rwanda.csv,1590.9656418434654,23681.636316951874,24,204,0,1252.010945644498,24020.59101315084,23,205,0,71.23025657514708,25201.37170222019,2,226,0
BLM,Saint Barthelemy,24.44615058791089,0.0,24.44615058791089,23.695188502810126,0,,0.0,24.44615058791089,0,0,0,0.0,24.44615058791089,0,0,0,0.0,24.44615058791089,0,0,0
SHN,Saint Helena,185.12950117590236,0.0,185.12950117590236,184.8828160136897,0,modis_2024_Saint_Helena.csv,0.0,185.12950117590236,0,0,0,0.0,185.12950117590236,0,0,0,0.0,185.12950117590236,0,0,0
KNA,Saint Kitts and Nevis,232.1724077805946,3.7719237061895132,228.40048407440509,231.224031140874,0,modis_2024_Saint_Kitts_and_Nevis.csv,1.6402156514665003,230.5321921291281,0,3,0,0.0,232.1724077805946,0,3,0,0.0,232.1724077805946,0,3,0
LCA,Saint Lucia,549.2631294065483,6.109974418286567,543.1531549882617,538.449287744608,0,modis_2024_Saint_Lucia.csv,5.00232129666118,544.2608081098871,0,0,0,0.0,549.2631294065483,0,0,0,0.0,549.2631294065483,0,0,0
MAF,Saint Martin,48.846599212865414,0.8406989443374402,48.005900268527974,45.70703763817662,0,,0.8162656395132243,48.03033357335219,0,0,0,0.0,48.846599212865414,0,0,0,0.0,48.846599212865414,0,0,0
SPM,Saint Pierre and Miquelon,205.7910291742637,3.5168331296110704,202.27419604465265,205.85501436533136,0,,0.0,205.7910291742637,0,0,0,0.0,205.7910291742637,0,0,0,0.0,205.7910291742637,0,0,0
VCT,Saint Vincent and the Grenadines,309.91256212879733,4.5238950804386775,305.3886670483587,310.10808366070466,0,modis_2024_Saint_Vincent_and_the_Grenadines.csv,2.509835492092999,307.40272663670436,0,0,0,0.0,309.91256212879733,0,0,0,0.0,309.91256212879733,0,0,0
WSM,Samoa,2691.7128592169533,0.0,2691.7128592169533,2702.201264813443,0,modis_2024_Samoa.csv,0.0,2691.7128592169533,0,4,0,0.0,2691.7128592169533,0,4,0,0.0,2691.7128592169533,0,4,0
SMR,San Marino,68.3944973264265,0.0,68.3944973264265,63.677941158125286,0,,0.0,68.3944973264265,0,0,0,0.0,68.3944973264265,0,0,0,0.0,68.3944973264265,0,0,0
SAU,Saudi Arabia,1921563.5540189284,63.29344474440787,1921500.2605741841,1925839.2070087637,0,modis_2024_Saudi_Arabia.csv,24.66606480701933,1921538.8879541215,0,1337,0,6.373691956220834,1921557.1803269722,0,1337,0,2.390076289831735,1921561.1639426386,0,1337,0
SEN,Senegal,196609.120905607,3028.527778584509,193580.5931270225,197289.4606823327,49,modis_2024_Senegal.csv,4009.082750324006,192600.038155283,27,18556,3,3085.5499055138744,193523.57100009313,21,18562,3,1973.9614192278098,194635.15948637918,9,18574,3
SYC,Seychelles,173.63119314931177,0.0,173.63119314931177,168.5922313578731,0,modis_2024_Seychelles.csv,0.0,173.63119314931177,0,0,0,0.0,173.63119314931177,0,0,0,0.0,173.63119314931177,0,0,0
KAS,Siachen Glacier,2118.129885737093,0.0,2118.129885737093,2120.1896488149137,0,,0.0,2118.129885737093,0,0,0,0.0,2118.129885737093,0,0,0,0.0,2118.129885737093,0,0,0
SLE,Sierra Leone,71575.73672446572,4564.007879337538,67011.72884512818,71865.69403678547,17,modis_2024_Sierra_Leone.csv,5916.344343953864,65659.39238051185,1076,24750,0,4322.50017125394,67253.23655321178,665,25161,0,2608.6719526614684,68967.06477180426,280,25546,0
SGP,Singapore,482.77582509444926,46.76553970892411,436.01028538552515,485.8506140039412,0,modis_2024_Singapore.csv,58.37130448231741,424.4045206121318,0,0,0,19.743373197261775,463.03245189718746,0,0,0,5.150454391252539,477.6253707031967,0,0,0
SXM,Sint Maarten,41.70613858389321,2.6204899555066676,39.08564862838654,42.45134947971259,0,,5.714517737665963,35.99162084622724,0,0,0,0.8163817971373227,40.88975678675588,0,0,0,0.0,41.70613858389321,0,0,0
SVK,Slovakia,48488.03601373851,153.95710901632754,48334.07890472218,48324.36805924825,0,modis_2024_Slovakia.csv,62.59748528951869,48425.43852844899,0,22,0,16.498490852999193,48471.537522885505,0,22,0,2.849068646720495,48485.18694509179,0,22,0
SVN,Slovenia,20244.588874620356,80.33225047920322,20164.25662414115,20195.708606503697,0,modis_2024_Slovenia.csv,124.50014765118085,20120.088726969174,0,5,0,45.32726056284685,20199.26161405751,0,5,0,12.531970606386515,20232.05690401397,0,5,0
SLB,Solomon Islands,25632.883712099632,1168.030431478107,24464.853280621526,25743.937416354987,0,modis_2024_Solomon_Islands.csv,1870.5299027952187,23762.35380930441,0,19,0,495.4503584806995,25137.433353618933,0,19,0,76.34349892135936,25556.540213178272,0,19,0
SOM,Somalia,471547.89992674225,28.74515393381746,471519.1547728084,473627.73695444013,0,modis_2024_Somalia.csv,18.028396394348047,471529.8715303479,0,222,0,2.5755176022840427,471545.32440914,0,222,0,0.0,471547.89992674225,0,222,0
SOL,Somaliland,167804.0713913603,0.8424770391886138,167803.2289143211,168381.74975050395,0,,0.0,167804.0713913603,0,0,0,0.0,167804.0713913603,0,0,0,0.0,167804.0713913603,0,0,0
ZAF,South Africa,1220060.933051039,1894.1834954071896,1218166.7495556318,1221734.3265354915,0,modis_2024_South_Africa.csv,2481.218666961372,1217579.7143840776,147,52864,0,1412.6644809253487,1218648.2685701137,140,52871,0,16.451307182628337,1220044.4817438563,1,53010,0
SGS,South Georgia and the Islands,3684.7114751407867,0.5026619373247724,3684.208813203462,3660.5493534852103,0,,1.0053238746495448,3683.706151266137,0,0,0,1.0053238746495448,3683.706151266137,0,0,0,0.0,3684.7114751407867,0,0,0
KOR,South Korea,97176.59057350358,1432.9259832895225,95743.66459021406,97162.05629989546,0,modis_2024_Republic_of_Korea.csv,1827.0922172458386,95349.49835625774,9,361,0,312.1328809893588,96864.45769251422,0,370,0,46.08358935202436,97130.50698415155,0,370,0
SDS,South Sudan,621326.938425954,12832.069896588766,608494.8685293652,623961.1462526766,38,modis_2024_South_Sudan.csv,19983.28086044277,601343.6575655112,1872,175605,5,13943.42945769829,607383.5089682557,1024,176453,5,3167.5717303276606,618159.3666956263,218,177259,5
ESP,Spain,506723.3183089648,757.192746768637,505966.12556219613,506134.6221855616,0,modis_2024_Spain.csv,851.9998029221581,505871.31850604265,15,1711,0,475.00411653645193,506248.3141924283,12,1714,0,195.19050919584728,506528.12779976893,4,1722,0
LKA,Sri Lanka,65763.58595499434,1567.1842521163555,64196.401702877985,66032.81786307016,0,modis_2024_Sri_Lanka.csv,2007.0473104372866,63756.538644557055,0,506,0,822.6526250769639,64940.933329917374,0,506,0,88.57227568356186,65675.01367931078,0,506,0
SDN,Sudan,1856670.5467878168,1077.2326501173366,1855593.3141376995,1863060.420353154,0,modis_2024_Sudan.csv,1447.9898144721176,1855222.5569733446,21,39564,0,357.87962205981705,1856312.667165757,4,39581,0,63.69309605106222,1856606.8536917658,1,39584,0
SUR,Suriname,144934.63150569543,12368.815970143485,132565.81553555196,145546.83443532357,20,modis_2024_Suriname.csv,16428.765591688563,128505.86591400686,504,1022,0,11045.513830594024,133889.1176751014,351,1175,0,5462.801716276629,139471.8297894188,170,1356,0
SWE,Sweden,445650.5781304327,77716.67800544755,367933.90012498514,442981.5148567099,2,modis_2024_Sweden.csv,120514.32539072492,325136.25273970776,44,54,0,36813.77038831136,408836.80774212134,19,79,0,9631.337328205942,436019.24080222676,5,93,0
CHE,Switzerland,41316.268460472646,753.7873287566041,40562.48113171604,41202.5324646581,0,modis_2024_Switzerland.csv,975.4484571997616,40340.820003272886,1,11,0,290.5784151176679,41025.690045354975,1,11,0,72.0610469868005,41244.20741348585,0,12,0
SYR,Syria,185958.85466488227,290.7818588202651,185668.072806062,185979.02775526067,0,modis_2024_Syria.csv,354.42840685998533,185604.4262580223,3,1822,0,57.98400492721414,185900.87065995505,1,1824,0,8.411803359395554,185950.44286152287,0,1825,0
STP,São Tomé and Principe,981.4576450106733,0.0,981.4576450106733,986.5060216487791,0,modis_2024_Sao_Tome_and_Principe.csv,0.0,981.4576450106733,0,8,0,0.0,981.4576450106733,0,8,0,0.0,981.4576450106733,0,8,0
TWN,Taiwan,35915.50788094419,2.164795262814183,35913.34308568138,36004.9246449042,0,modis_2024_Taiwan.csv,0.7813289156055147,35914.72655202859,0,88,0,0.0,35915.50788094419,0,88,0,0.0,35915.50788094419,0,88,0
TJK,Tajikistan,142395.48940598292,280.86792354306016,142114.62148243986,142317.80374447387,0,modis_2024_Tajikistan.csv,297.48460009187113,142098.00480589105,1,70,0,45.98158958937606,142349.50781639354,0,71,0,4.751967761323979,142390.7374382216,0,71,0
THA,Thailand,513909.8276954315,20843.917383909746,493065.91031152173,515548.325910674,213,modis_2024_Thailand.csv,30448.574266536245,483461.25342889526,717,17479,1,15244.59200485224,498665.2356905792,331,17865,1,6274.482156496663,507635.3455389348,104,18092,1
BHS,The Bahamas,12639.42246891151,1565.023534145578,11074.398934765934,12649.27779729698,5,modis_2024_Bahamas.csv,2443.718189944476,10195.704278967034,18,228,0,818.5358875687817,11820.88658134273,8,238,0,142.81846864825448,12496.604000263256,2,244,0
TGO,Togo,56901.430523408155,118.73849212099063,56782.692031287166,57084.31320984251,0,modis_2024_Togo.csv,207.21274193411267,56694.21778147404,5,6474,0,80.21843963680456,56821.21208377135,4,6475,0,0.0,56901.430523408155,0,6479,0
TON,Tonga,430.33150974531736,0.0,430.33150974531736,429.5948477490156,0,modis_2024_Tonga.csv,0.0,430.33150974531736,0,2,0,0.0,430.33150974531736,0,2,0,0.0,430.33150974531736,0,2,0
TTO,Trinidad and Tobago,5081.772138837447,218.4314133730786,4863.340725464368,5094.040767743913,0,modis_2024_Trinidad_and_Tobago.csv,294.6907651739472,4787.081373663499,9,99,0,181.53801777446722,4900.234121062979,7,101,0,36.29760098917202,5045.474537848275,1,107,0
TUN,Tunisia,156616.65468579895,190.47748365380562,156426.17720214513,156658.3969911577,0,modis_2024_Tunisia.csv,242.20735131467555,156374.44733448426,1,142,0,47.633344235542616,156569.0213415634,0,143,0,6.3967442223122095,156610.25794157662,0,143,0
TUR,Turkey,780476.0402570465,1996.8783406194134,778479.1619164271,779734.9169016752,52,modis_2024_Turkey.csv,2350.0636924417595,778125.9765646047,50,10759,0,706.9562439102472,779769.0840131362,25,10784,0,246.65083579150144,780229.389421255,6,10803,0
TKM,Turkmenistan,471028.7005586993,799.7322477680057,470228.9683109313,470633.6100697613,8,modis_2024_Turkmenistan.csv,1265.7155344472517,469762.9850242521,9,984,0,423.707666908203,470604.9928917911,4,989,0,117.92010612357342,470910.78045257577,1,992,0
TCA,Turks and Caicos Islands,329.3696215086906,28.429602040134306,300.94001946855633,333.96771098160457,0,,42.24071618487333,287.12890532381726,0,0,0,11.95427918310788,317.41534232558274,0,0,0,0.0,329.3696215086906,0,0,0
TUV,Tuvalu,10.208068526777469,0.0,10.208068526777469,0.0,0,,0.0,10.208068526777469,0,0,0,0.0,10.208068526777469,0,0,0,0.0,10.208068526777469,0,0,0
UGA,Uganda,241474.24321321407,5136.485018058708,236337.75819515536,242654.23299607265,7,modis_2024_Uganda.csv,8380.725681897253,233093.51753131681,261,11325,1,5824.5885362161725,235649.6546769979,249,11337,1,440.3794763797729,241033.8637368343,18,11568,1
UKR,Ukraine,571972.9186668043,11215.133645831764,560757.7850209726,568984.9550411007,2125,modis_2024_Ukraine.csv,15839.654401433314,556133.264265371,471,21288,28,14369.154673499592,557603.7639933047,446,21313,28,6405.373475136195,565567.5451916681,141,21618,28
ARE,United Arab Emirates,71116.86143375651,22.696062737773048,71094.16537101874,71286.54774925734,0,modis_2024_United_Arab_Emirates.csv,14.810565099417008,71102.0508686571,0,188,0,2.343105567287101,71114.51832818922,0,188,0,0.7810697743160205,71116.0803639822,0,188,0
GBR,United Kingdom,240644.68568837584,45262.91006165649,195381.77562671935,239619.06524909002,10,modis_2024_United_Kingdom.csv,61280.23237738265,179364.4533109932,57,154,0,45279.27583042427,195365.40985795157,51,160,0,30585.09909834883,210059.58659002703,43,168,0
TZA,United Republic of Tanzania,941735.015591017,6392.139210151387,935342.8763808656,945624.2084116413,42,modis_2024_Tanzania.csv,9586.89883663284,932148.1167543841,509,78367,0,7207.68556751403,934527.3300235029,491,78385,0,1011.889233069689,940723.1263579472,66,78810,0
VIR,United States Virgin Islands,314.7746548261664,3.479432777606175,311.2952220485602,323.45462432210087,0,,0.8148989903346853,313.9597558358317,0,0,0,0.0,314.7746548261664,0,0,0,0.0,314.7746548261664,0,0,0
USA,United States of America,9455759.64383077,308861.7639155186,9146897.879915252,9430063.549563859,10557,modis_2024_United_States.csv,538495.1227753866,8917264.521055384,2402,109328,10,386196.4263638289,9069563.217466941,800,110930,10,61801.8645826142,9393957.779248156,94,111636,10
URY,Uruguay,177467.5224603911,1556.5427316139658,175910.97972877714,177569.0630495394,1,modis_2024_Uruguay.csv,2240.7811326639676,175226.74132772713,9,333,0,554.4498783091007,176913.072582082,6,336,0,122.47435590937742,177345.0481044817,2,340,0
UZB,Uzbekistan,448019.0786789978,222.28428967573146,447796.7943893221,447269.6757901528,2,modis_2024_Uzbekistan.csv,292.1581344975697,447726.92054450023,1,1299,0,100.38017465374702,447918.6985043441,1,1299,0,30.766511248984564,447988.3121677488,0,1300,0
VUT,Vanuatu,11253.61202755032,245.70782603555503,11007.904201514764,11274.836319984737,0,modis_2024_Vanuatu.csv,299.41974474562767,10954.192282804692,0,16,0,11.537579259828851,11242.07444829049,0,16,0,0.8248518427287905,11252.787175707592,0,16,0
VAT,Vatican,0.7075000269566178,0.0,0.7075000269566178,0.0,0,,0.0,0.7075000269566178,0,0,0,0.0,0.7075000269566178,0,0,0,0.0,0.7075000269566178,0,0,0
VEN,Venezuela,910445.538346735,67195.52601055382,843250.0123361811,914210.0338795908,160,modis_2024_Venezuela.csv,96934.21282424762,813511.3255224873,5424,65823,1,64435.73094840843,846009.8073983265,3583,67664,1,24378.96224696972,886066.5760997653,780,70467,1
VNM,Vietnam,327847.60374878644,27258.495562199816,300589.10818658664,328484.6192012982,565,modis_2024_Vietnam.csv,38466.36200809482,289381.2417406916,756,14925,5,23588.775483767728,304258.8282650187,383,15298,5,12854.394352583411,314993.20939620305,151,15530,5
WLF,Wallis and Futuna,131.19172428548248,0.0,131.19172428548248,130.86276313828802,0,,0.0,131.19172428548248,0,0,0,0.0,131.19172428548248,0,0,0,0.0,131.19172428548248,0,0,0
SAH,Western Sahara,90592.44384953711,0.0,90592.44384953711,90840.65413291022,0,,0.0,90592.44384953711,0,0,0,0.0,90592.44384953711,0,0,0,0.0,90592.44384953711,0,0,0
YEM,Yemen,452563.8326768804,30.32639754954014,452533.5062793309,454136.4137863463,0,modis_2024_Yemen.csv,5.007651107772412,452558.8250257726,0,38,0,0.0,452563.8326768804,0,38,0,0.0,452563.8326768804,0,38,0
ZMB,Zambia,752776.5770316523,19884.80771086318,732891.7693207891,755491.2996449948,33,modis_2024_Zambia.csv,30895.958266561465,721880.6187650908,7826,190657,3,25314.999001019132,727461.5780306332,5784,192699,3,5141.14660404813,747635.4304276042,1236,197247,3
ZWE,Zimbabwe,388994.0036277696,379.8826738484987,388614.1209539211,390159.4575048744,0,modis_2024_Zimbabwe.csv,382.58312697248357,388611.4205007971,0,18252,0,16.35133529422918,388977.65229247534,0,18252,0,0.0,388994.0036277696,0,18252,0
SWZ,eSwatini,16961.66656591729,13.519779710291044,16948.146786207,16985.482616208035,0,,10.763968430491282,16950.9025974868,0,0,0,0.0,16961.66656591729,0,0,0,0.0,16961.66656591729,0,0,0
