gid_1,province,year,month,burned_area_ha,fire_count
IDN.15_1,Kalimantan Timur (legacy unit; includes later Kalimantan Utara area),2002,2,84.0,1
IDN.15_1,Kalimantan Timur (legacy unit; includes later Kalimantan Utara area),2002,3,64.0,1
IDN.12_1,Kalimantan Barat,2002,6,534.0,2
IDN.13_1,Kalimantan Selatan,2002,6,685.0,3
IDN.15_1,Kalimantan Timur (legacy unit; includes later Kalimantan Utara area),2002,6,342.0,2
IDN.12_1,Kalimantan Barat,2002,7,11176.0,59
IDN.13_1,Kalimantan Selatan,2002,7,3228.0,18
IDN.14_1,Kalimantan Tengah,2002,7,11854.0,64
IDN.15_1,Kalimantan Timur (legacy unit; includes later Kalimantan Utara area),2002,7,1517.0,4
IDN.12_1,Kalimantan Barat,2002,8,55280.0,284
IDN.13_1,Kalimantan Selatan,2002,8,19406.0,111
IDN.14_1,Kalimantan Tengah,2002,8,48830.0,276
IDN.15_1,Kalimantan Timur (legacy unit; includes later Kalimantan Utara area),2002,8,13267.0,67
IDN.12_1,Kalimantan Barat,2002,9,77223.0,531
IDN.13_1,Kalimantan Selatan,2002,9,59085.0,378
IDN.14_1,Kalimantan Tengah,2002,9,83395.0,558
IDN.15_1,Kalimantan Timur (legacy unit; includes later Kalimantan Utara area),2002,9,42118.0,257
IDN.12_1,Kalimantan Barat,2002,10,6065.0,30
IDN.13_1,Kalimantan Selatan,2002,10,40858.0,246
IDN.14_1,Kalimantan Tengah,2002,10,32318.0,219
IDN.15_1,Kalimantan Timur (legacy unit; includes later Kalimantan Utara area),2002,10,15877.0,88
IDN.13_1,Kalimantan Selatan,2002,11,661.0,6
IDN.14_1,Kalimantan Tengah,2002,11,577.0,6
IDN.15_1,Kalimantan Timur (legacy unit; includes later Kalimantan Utara area),2002,11,64.0,1
IDN.12_1,Kalimantan Barat,2003,2,470.0,2
IDN.12_1,Kalimantan Barat,2003,3,618.0,5
IDN.15_1,Kalimantan Timur (legacy unit; includes later Kalimantan Utara area),2003,3,64.0,1
IDN.15_1,Kalimantan Timur (legacy unit; includes later Kalimantan Utara area),2003,4,470.0,3
IDN.12_1,Kalimantan Barat,2003,5,241.0,4
IDN.13_1,Kalimantan Selatan,2003,5,1431.0,3
IDN.14_1,Kalimantan Tengah,2003,5,3056.0,18
IDN.15_1,Kalimantan Timur (legacy unit; includes later Kalimantan Utara area),2003,5,193.0,2
IDN.12_1,Kalimantan Barat,2003,6,3504.0,20
IDN.13_1,Kalimantan Selatan,2003,6,545.0,3
IDN.14_1,Kalimantan Tengah,2003,6,3993.0,26
IDN.15_1,Kalimantan Timur (legacy unit; includes later Kalimantan Utara area),2003,6,598.0,4
IDN.12_1,Kalimantan Barat,2003,7,1239.0,8
IDN.13_1,Kalimantan Selatan,2003,7,3248.0,20
IDN.14_1,Kalimantan Tengah,2003,7,2372.0,19
IDN.15_1,Kalimantan Timur (legacy unit; includes later Kalimantan Utara area),2003,7,449.0,3
IDN.12_1,Kalimantan Barat,2003,8,19075.0,113
IDN.13_1,Kalimantan Selatan,2003,8,16647.0,85
IDN.14_1,Kalimantan Tengah,2003,8,22936.0,140
IDN.15_1,Kalimantan Timur (legacy unit; includes later Kalimantan Utara area),2003,8,961.0,6
IDN.12_1,Kalimantan Barat,2003,9,14792.0,113
IDN.13_1,Kalimantan Selatan,2003,9,11861.0,73
IDN.14_1,Kalimantan Tengah,2003,9,40255.0,270
IDN.15_1,Kalimantan Timur (legacy unit; includes later Kalimantan Utara area),2003,9,577.0,3
IDN.12_1,Kalimantan Barat,2003,10,1026.0,5
IDN.13_1,Kalimantan Selatan,2003,10,620.0,5
IDN.14_1,Kalimantan Tengah,2003,10,1793.0,18
IDN.15_1,Kalimantan Timur (legacy unit; includes later Kalimantan Utara area),2003,10,235.0,1
IDN.12_1,Kalimantan Barat,2004,2,962.0,7
IDN.12_1,Kalimantan Barat,2004,3,64.0,1
IDN.14_1,Kalimantan Tengah,2004,3,960.0,8
IDN.15_1,Kalimantan Timur (legacy unit; includes later Kalimantan Utara area),2004,3,513.0,3
IDN.12_1,Kalimantan Barat,2004,5,235.0,2
IDN.14_1,Kalimantan Tengah,2004,5,85.0,1
IDN.15_1,Kalimantan Timur (legacy unit; includes later Kalimantan Utara area),2004,5,64.0,1
IDN.12_1,Kalimantan Barat,2004,6,4058.0,17
IDN.13_1,Kalimantan Selatan,2004,6,1068.0,4
IDN.14_1,Kalimantan Tengah,2004,6,769.0,4
IDN.15_1,Kalimantan Timur (legacy unit; includes later Kalimantan Utara area),2004,6,1025.0,5
IDN.12_1,Kalimantan Barat,2004,7,2021.0,12
IDN.13_1,Kalimantan Selatan,2004,7,919.0,3
IDN.14_1,Kalimantan Tengah,2004,7,448.0,5
IDN.15_1,Kalimantan Timur (legacy unit; includes later Kalimantan Utara area),2004,7,512.0,5
IDN.12_1,Kalimantan Barat,2004,8,103081.0,551
IDN.13_1,Kalimantan Selatan,2004,8,25883.0,121
IDN.14_1,Kalimantan Tengah,2004,8,106415.0,490
IDN.15_1,Kalimantan Timur (legacy unit; includes later Kalimantan Utara area),2004,8,38420.0,195
IDN.12_1,Kalimantan Barat,2004,9,54308.0,410
IDN.13_1,Kalimantan Selatan,2004,9,29974.0,164
IDN.14_1,Kalimantan Tengah,2004,9,69885.0,468
IDN.15_1,Kalimantan Timur (legacy unit; includes later Kalimantan Utara area),2004,9,9225.0,69
IDN.12_1,Kalimantan Barat,2004,10,4933.0,35
IDN.13_1,Kalimantan Selatan,2004,10,35739.0,179
IDN.14_1,Kalimantan Tengah,2004,10,48702.0,322
IDN.15_1,Kalimantan Timur (legacy unit; includes later Kalimantan Utara area),2004,10,48060.0,294
IDN.13_1,Kalimantan Selatan,2004,11,64.0,1
IDN.14_1,Kalimantan Tengah,2004,11,192.0,2
IDN.15_1,Kalimantan Timur (legacy unit; includes later Kalimantan Utara area),2004,11,1921.0,9
IDN.12_1,Kalimantan Barat,2005,1,363.0,3
IDN.15_1,Kalimantan Timur (legacy unit; includes later Kalimantan Utara area),2005,1,1924.0,5
IDN.12_1,Kalimantan Barat,2005,2,213.0,2
IDN.13_1,Kalimantan Selatan,2005,2,85.0,1
IDN.14_1,Kalimantan Tengah,2005,2,107.0,1
IDN.15_1,Kalimantan Timur (legacy unit; includes later Kalimantan Utara area),2005,2,1241.0,9
IDN.12_1,Kalimantan Barat,2005,3,85.0,1
IDN.14_1,Kalimantan Tengah,2005,3,278.0,1
IDN.15_1,Kalimantan Timur (legacy unit; includes later Kalimantan Utara area),2005,3,1453.0,9
IDN.12_1,Kalimantan Barat,2005,4,64.0,1
IDN.15_1,Kalimantan Timur (legacy unit; includes later Kalimantan Utara area),2005,4,234.0,3
IDN.12_1,Kalimantan Barat,2005,5,257.0,1
IDN.14_1,Kalimantan Tengah,2005,6,64.0,1
IDN.12_1,Kalimantan Barat,2005,7,2138.0,14
IDN.13_1,Kalimantan Selatan,2005,7,363.0,3
IDN.14_1,Kalimantan Tengah,2005,7,811.0,7
IDN.12_1,Kalimantan Barat,2005,8,16020.0,106
IDN.13_1,Kalimantan Selatan,2005,8,10796.0,42
IDN.14_1,Kalimantan Tengah,2005,8,10463.0,63
IDN.15_1,Kalimantan Timur (legacy unit; includes later Kalimantan Utara area),2005,8,1816.0,14
IDN.12_1,Kalimantan Barat,2005,9,2264.0,15
IDN.13_1,Kalimantan Selatan,2005,9,28473.0,125
IDN.14_1,Kalimantan Tengah,2005,9,30086.0,171
IDN.15_1,Kalimantan Timur (legacy unit; includes later Kalimantan Utara area),2005,9,6269.0,32
IDN.13_1,Kalimantan Selatan,2005,10,2583.0,25
IDN.14_1,Kalimantan Tengah,2005,10,8437.0,58
IDN.15_1,Kalimantan Timur (legacy unit; includes later Kalimantan Utara area),2005,10,64.0,1
IDN.12_1,Kalimantan Barat,2006,3,93.0,2
IDN.12_1,Kalimantan Barat,2006,5,64.0,1
IDN.12_1,Kalimantan Barat,2006,6,470.0,3
IDN.14_1,Kalimantan Tengah,2006,6,640.0,6
IDN.15_1,Kalimantan Timur (legacy unit; includes later Kalimantan Utara area),2006,6,492.0,2
IDN.12_1,Kalimantan Barat,2006,7,7282.0,51
IDN.13_1,Kalimantan Selatan,2006,7,1487.0,5
IDN.14_1,Kalimantan Tengah,2006,7,4399.0,27
IDN.15_1,Kalimantan Timur (legacy unit; includes later Kalimantan Utara area),2006,7,1411.0,9
IDN.12_1,Kalimantan Barat,2006,8,102218.0,509
IDN.13_1,Kalimantan Selatan,2006,8,11432.0,54
IDN.14_1,Kalimantan Tengah,2006,8,58518.0,352
IDN.15_1,Kalimantan Timur (legacy unit; includes later Kalimantan Utara area),2006,8,14320.0,77
IDN.12_1,Kalimantan Barat,2006,9,40627.0,267
IDN.13_1,Kalimantan Selatan,2006,9,51595.0,251
IDN.14_1,Kalimantan Tengah,2006,9,65940.0,403
IDN.15_1,Kalimantan Timur (legacy unit; includes later Kalimantan Utara area),2006,9,9421.0,48
IDN.12_1,Kalimantan Barat,2006,10,24375.0,146
IDN.13_1,Kalimantan Selatan,2006,10,41172.0,254
IDN.14_1,Kalimantan Tengah,2006,10,117436.0,685
IDN.15_1,Kalimantan Timur (legacy unit; includes later Kalimantan Utara area),2006,10,28283.0,151
IDN.13_1,Kalimantan Selatan,2006,11,1685.0,20
IDN.14_1,Kalimantan Tengah,2006,11,19801.0,113
IDN.15_1,Kalimantan Timur (legacy unit; includes later Kalimantan Utara area),2006,11,2928.0,14
IDN.15_1,Kalimantan Timur (legacy unit; includes later Kalimantan Utara area),2006,12,235.0,3
IDN.12_1,Kalimantan Barat,2007,1,107.0,1
IDN.12_1,Kalimantan Barat,2007,2,1047.0,6
IDN.15_1,Kalimantan Timur (legacy unit; includes later Kalimantan Utara area),2007,2,150.0,1
IDN.12_1,Kalimantan Barat,2007,3,449.0,5
IDN.15_1,Kalimantan Timur (legacy unit; includes later Kalimantan Utara area),2007,3,150.0,1
IDN.15_1,Kalimantan Timur (legacy unit; includes later Kalimantan Utara area),2007,5,149.0,2
IDN.15_1,Kalimantan Timur (legacy unit; includes later Kalimantan Utara area),2007,6,320.0,3
IDN.12_1,Kalimantan Barat,2007,7,661.0,6
IDN.13_1,Kalimantan Selatan,2007,7,706.0,3
IDN.15_1,Kalimantan Timur (legacy unit; includes later Kalimantan Utara area),2007,7,321.0,3
IDN.12_1,Kalimantan Barat,2007,8,13781.0,84
IDN.13_1,Kalimantan Selatan,2007,8,770.0,6
IDN.14_1,Kalimantan Tengah,2007,8,534.0,6
IDN.15_1,Kalimantan Timur (legacy unit; includes later Kalimantan Utara area),2007,8,2500.0,6
IDN.12_1,Kalimantan Barat,2007,9,3524.0,17
IDN.13_1,Kalimantan Selatan,2007,9,8396.0,47
IDN.14_1,Kalimantan Tengah,2007,9,10422.0,52
IDN.15_1,Kalimantan Timur (legacy unit; includes later Kalimantan Utara area),2007,9,921.0,8
IDN.12_1,Kalimantan Barat,2007,10,491.0,2
IDN.13_1,Kalimantan Selatan,2007,10,785.0,12
IDN.14_1,Kalimantan Tengah,2007,10,4938.0,41
IDN.15_1,Kalimantan Timur (legacy unit; includes later Kalimantan Utara area),2007,10,1323.0,13
IDN.15_1,Kalimantan Timur (legacy unit; includes later Kalimantan Utara area),2007,11,85.0,1
IDN.12_1,Kalimantan Barat,2008,5,2093.0,12
IDN.14_1,Kalimantan Tengah,2008,5,128.0,2
IDN.12_1,Kalimantan Barat,2008,6,768.0,6
IDN.14_1,Kalimantan Tengah,2008,6,235.0,2
IDN.15_1,Kalimantan Timur (legacy unit; includes later Kalimantan Utara area),2008,6,512.0,3
IDN.12_1,Kalimantan Barat,2008,7,171.0,2
IDN.12_1,Kalimantan Barat,2008,8,3095.0,18
IDN.13_1,Kalimantan Selatan,2008,8,107.0,1
IDN.15_1,Kalimantan Timur (legacy unit; includes later Kalimantan Utara area),2008,8,471.0,3
IDN.12_1,Kalimantan Barat,2008,9,406.0,4
IDN.13_1,Kalimantan Selatan,2008,9,257.0,2
IDN.14_1,Kalimantan Tengah,2008,9,1752.0,10
IDN.15_1,Kalimantan Timur (legacy unit; includes later Kalimantan Utara area),2008,9,661.0,6
IDN.12_1,Kalimantan Barat,2008,10,128.0,1
IDN.15_1,Kalimantan Timur (legacy unit; includes later Kalimantan Utara area),2009,3,320.0,3
IDN.12_1,Kalimantan Barat,2009,4,85.0,1
IDN.14_1,Kalimantan Tengah,2009,4,150.0,1
IDN.15_1,Kalimantan Timur (legacy unit; includes later Kalimantan Utara area),2009,4,85.0,1
IDN.12_1,Kalimantan Barat,2009,5,1388.0,8
IDN.15_1,Kalimantan Timur (legacy unit; includes later Kalimantan Utara area),2009,5,171.0,1
IDN.12_1,Kalimantan Barat,2009,6,3653.0,27
IDN.13_1,Kalimantan Selatan,2009,6,385.0,5
IDN.14_1,Kalimantan Tengah,2009,6,727.0,4
IDN.15_1,Kalimantan Timur (legacy unit; includes later Kalimantan Utara area),2009,6,791.0,4
IDN.12_1,Kalimantan Barat,2009,7,20764.0,102
IDN.13_1,Kalimantan Selatan,2009,7,8074.0,41
IDN.14_1,Kalimantan Tengah,2009,7,6131.0,20
IDN.15_1,Kalimantan Timur (legacy unit; includes later Kalimantan Utara area),2009,7,1452.0,10
IDN.12_1,Kalimantan Barat,2009,8,75606.0,449
IDN.13_1,Kalimantan Selatan,2009,8,19239.0,106
IDN.14_1,Kalimantan Tengah,2009,8,42446.0,219
IDN.15_1,Kalimantan Timur (legacy unit; includes later Kalimantan Utara area),2009,8,5677.0,41
IDN.12_1,Kalimantan Barat,2009,9,32870.0,207
IDN.13_1,Kalimantan Selatan,2009,9,48679.0,292
IDN.14_1,Kalimantan Tengah,2009,9,150598.0,850
IDN.15_1,Kalimantan Timur (legacy unit; includes later Kalimantan Utara area),2009,9,28044.0,158
IDN.12_1,Kalimantan Barat,2009,10,4269.0,35
IDN.13_1,Kalimantan Selatan,2009,10,6514.0,47
IDN.14_1,Kalimantan Tengah,2009,10,15909.0,111
IDN.15_1,Kalimantan Timur (legacy unit; includes later Kalimantan Utara area),2009,10,1752.0,18
IDN.13_1,Kalimantan Selatan,2009,11,170.0,1
IDN.14_1,Kalimantan Tengah,2009,11,747.0,2
IDN.15_1,Kalimantan Timur (legacy unit; includes later Kalimantan Utara area),2009,11,64.0,1
IDN.15_1,Kalimantan Timur (legacy unit; includes later Kalimantan Utara area),2010,1,598.0,4
IDN.15_1,Kalimantan Timur (legacy unit; includes later Kalimantan Utara area),2010,2,3590.0,10
IDN.15_1,Kalimantan Timur (legacy unit; includes later Kalimantan Utara area),2010,3,1403.0,7
IDN.12_1,Kalimantan Barat,2010,8,1795.0,13
IDN.15_1,Kalimantan Timur (legacy unit; includes later Kalimantan Utara area),2010,8,385.0,3
IDN.12_1,Kalimantan Barat,2010,9,768.0,8
IDN.14_1,Kalimantan Tengah,2010,9,64.0,1
IDN.15_1,Kalimantan Timur (legacy unit; includes later Kalimantan Utara area),2010,9,363.0,3
IDN.12_1,Kalimantan Barat,2010,10,214.0,2
IDN.12_1,Kalimantan Barat,2011,2,597.0,7
IDN.12_1,Kalimantan Barat,2011,4,619.0,5
IDN.15_1,Kalimantan Timur (legacy unit; includes later Kalimantan Utara area),2011,5,64.0,1
IDN.12_1,Kalimantan Barat,2011,6,2586.0,9
IDN.13_1,Kalimantan Selatan,2011,6,2223.0,14
IDN.14_1,Kalimantan Tengah,2011,6,3226.0,18
IDN.15_1,Kalimantan Timur (legacy unit; includes later Kalimantan Utara area),2011,6,705.0,5
IDN.12_1,Kalimantan Barat,2011,7,3649.0,22
IDN.13_1,Kalimantan Selatan,2011,7,7495.0,46
IDN.14_1,Kalimantan Tengah,2011,7,3309.0,23
IDN.15_1,Kalimantan Timur (legacy unit; includes later Kalimantan Utara area),2011,7,1472.0,13
IDN.12_1,Kalimantan Barat,2011,8,16291.0,94
IDN.13_1,Kalimantan Selatan,2011,8,11271.0,73
IDN.14_1,Kalimantan Tengah,2011,8,44149.0,212
IDN.15_1,Kalimantan Timur (legacy unit; includes later Kalimantan Utara area),2011,8,3887.0,24
IDN.12_1,Kalimantan Barat,2011,9,5402.0,35
IDN.13_1,Kalimantan Selatan,2011,9,12273.0,65
IDN.14_1,Kalimantan Tengah,2011,9,28030.0,165
IDN.15_1,Kalimantan Timur (legacy unit; includes later Kalimantan Utara area),2011,9,406.0,4
IDN.12_1,Kalimantan Barat,2011,10,107.0,1
IDN.13_1,Kalimantan Selatan,2011,10,2697.0,17
IDN.14_1,Kalimantan Tengah,2011,10,3729.0,30
IDN.15_1,Kalimantan Timur (legacy unit; includes later Kalimantan Utara area),2011,10,277.0,3
IDN.12_1,Kalimantan Barat,2012,3,297.0,2
IDN.12_1,Kalimantan Barat,2012,4,299.0,2
IDN.12_1,Kalimantan Barat,2012,5,533.0,4
IDN.12_1,Kalimantan Barat,2012,6,3951.0,24
IDN.14_1,Kalimantan Tengah,2012,6,300.0,3
IDN.12_1,Kalimantan Barat,2012,7,2135.0,17
IDN.13_1,Kalimantan Selatan,2012,7,85.0,1
IDN.14_1,Kalimantan Tengah,2012,7,255.0,2
IDN.15_1,Kalimantan Timur (legacy unit; includes later Kalimantan Utara area),2012,7,1837.0,9
IDN.12_1,Kalimantan Barat,2012,8,17557.0,89
IDN.13_1,Kalimantan Selatan,2012,8,4890.0,43
IDN.14_1,Kalimantan Tengah,2012,8,9291.0,55
IDN.15_1,Kalimantan Timur (legacy unit; includes later Kalimantan Utara area),2012,8,2050.0,14
IDN.12_1,Kalimantan Barat,2012,9,21028.0,114
IDN.13_1,Kalimantan Selatan,2012,9,26986.0,112
IDN.14_1,Kalimantan Tengah,2012,9,39655.0,192
IDN.15_1,Kalimantan Timur (legacy unit; includes later Kalimantan Utara area),2012,9,5703.0,30
IDN.12_1,Kalimantan Barat,2012,10,7839.0,58
IDN.13_1,Kalimantan Selatan,2012,10,3808.0,34
IDN.14_1,Kalimantan Tengah,2012,10,26753.0,179
IDN.15_1,Kalimantan Timur (legacy unit; includes later Kalimantan Utara area),2012,10,1389.0,6
IDN.12_1,Kalimantan Barat,2013,1,685.0,4
IDN.12_1,Kalimantan Barat,2013,3,171.0,1
IDN.12_1,Kalimantan Barat,2013,6,85.0,1
IDN.14_1,Kalimantan Tengah,2013,6,64.0,1
IDN.12_1,Kalimantan Barat,2013,7,277.0,3
IDN.14_1,Kalimantan Tengah,2013,7,64.0,1
IDN.12_1,Kalimantan Barat,2013,8,6794.0,33
IDN.13_1,Kalimantan Selatan,2013,8,1944.0,10
IDN.14_1,Kalimantan Tengah,2013,8,3825.0,16
IDN.15_1,Kalimantan Timur (legacy unit; includes later Kalimantan Utara area),2013,8,748.0,4
IDN.12_1,Kalimantan Barat,2013,9,6021.0,39
IDN.13_1,Kalimantan Selatan,2013,9,6900.0,33
IDN.14_1,Kalimantan Tengah,2013,9,5469.0,30
IDN.15_1,Kalimantan Timur (legacy unit; includes later Kalimantan Utara area),2013,9,704.0,5
IDN.12_1,Kalimantan Barat,2013,10,3609.0,23
IDN.13_1,Kalimantan Selatan,2013,10,7434.0,44
IDN.14_1,Kalimantan Tengah,2013,10,15121.0,90
IDN.15_1,Kalimantan Timur (legacy unit; includes later Kalimantan Utara area),2013,10,3054.0,21
IDN.12_1,Kalimantan Barat,2014,1,3328.0,27
IDN.14_1,Kalimantan Tengah,2014,1,768.0,7
IDN.15_1,Kalimantan Timur (legacy unit; includes later Kalimantan Utara area),2014,1,106.0,1
IDN.12_1,Kalimantan Barat,2014,2,15081.0,99
IDN.14_1,Kalimantan Tengah,2014,2,917.0,10
IDN.15_1,Kalimantan Timur (legacy unit; includes later Kalimantan Utara area),2014,2,1175.0,3
IDN.12_1,Kalimantan Barat,2014,3,1067.0,10
IDN.15_1,Kalimantan Timur (legacy unit; includes later Kalimantan Utara area),2014,3,1304.0,6
IDN.15_1,Kalimantan Timur (legacy unit; includes later Kalimantan Utara area),2014,4,256.0,3
IDN.12_1,Kalimantan Barat,2014,6,897.0,7
IDN.14_1,Kalimantan Tengah,2014,6,962.0,1
IDN.15_1,Kalimantan Timur (legacy unit; includes later Kalimantan Utara area),2014,6,85.0,1
IDN.12_1,Kalimantan Barat,2014,7,10991.0,55
IDN.13_1,Kalimantan Selatan,2014,7,619.0,2
IDN.14_1,Kalimantan Tengah,2014,7,1454.0,7
IDN.15_1,Kalimantan Timur (legacy unit; includes later Kalimantan Utara area),2014,7,427.0,3
IDN.12_1,Kalimantan Barat,2014,8,22969.0,171
IDN.13_1,Kalimantan Selatan,2014,8,7480.0,41
IDN.14_1,Kalimantan Tengah,2014,8,11482.0,50
IDN.15_1,Kalimantan Timur (legacy unit; includes later Kalimantan Utara area),2014,8,1431.0,8
IDN.12_1,Kalimantan Barat,2014,9,31249.0,188
IDN.13_1,Kalimantan Selatan,2014,9,42089.0,202
IDN.14_1,Kalimantan Tengah,2014,9,67095.0,345
IDN.15_1,Kalimantan Timur (legacy unit; includes later Kalimantan Utara area),2014,9,11581.0,69
IDN.12_1,Kalimantan Barat,2014,10,20454.0,156
IDN.13_1,Kalimantan Selatan,2014,10,32219.0,189
IDN.14_1,Kalimantan Tengah,2014,10,99296.0,616
IDN.15_1,Kalimantan Timur (legacy unit; includes later Kalimantan Utara area),2014,10,36943.0,206
IDN.12_1,Kalimantan Barat,2014,11,1068.0,9
IDN.13_1,Kalimantan Selatan,2014,11,214.0,2
IDN.14_1,Kalimantan Tengah,2014,11,8372.0,52
IDN.15_1,Kalimantan Timur (legacy unit; includes later Kalimantan Utara area),2015,3,85.0,1
IDN.12_1,Kalimantan Barat,2015,6,299.0,3
IDN.15_1,Kalimantan Timur (legacy unit; includes later Kalimantan Utara area),2015,6,277.0,3
IDN.12_1,Kalimantan Barat,2015,7,6733.0,37
IDN.13_1,Kalimantan Selatan,2015,7,2007.0,8
IDN.14_1,Kalimantan Tengah,2015,7,3697.0,21
IDN.15_1,Kalimantan Timur (legacy unit; includes later Kalimantan Utara area),2015,7,2102.0,12
IDN.12_1,Kalimantan Barat,2015,8,10427.0,56
IDN.13_1,Kalimantan Selatan,2015,8,25783.0,113
IDN.14_1,Kalimantan Tengah,2015,8,43847.0,205
IDN.15_1,Kalimantan Timur (legacy unit; includes later Kalimantan Utara area),2015,8,13794.0,74
IDN.12_1,Kalimantan Barat,2015,9,6321.0,46
IDN.13_1,Kalimantan Selatan,2015,9,52607.0,274
IDN.14_1,Kalimantan Tengah,2015,9,50256.0,302
IDN.15_1,Kalimantan Timur (legacy unit; includes later Kalimantan Utara area),2015,9,51834.0,311
IDN.12_1,Kalimantan Barat,2015,10,4827.0,30
IDN.13_1,Kalimantan Selatan,2015,10,41953.0,273
IDN.14_1,Kalimantan Tengah,2015,10,51451.0,332
IDN.15_1,Kalimantan Timur (legacy unit; includes later Kalimantan Utara area),2015,10,52543.0,325
IDN.13_1,Kalimantan Selatan,2015,11,747.0,7
IDN.14_1,Kalimantan Tengah,2015,11,1602.0,12
IDN.15_1,Kalimantan Timur (legacy unit; includes later Kalimantan Utara area),2015,11,1046.0,11
IDN.15_1,Kalimantan Timur (legacy unit; includes later Kalimantan Utara area),2015,12,2341.0,9
IDN.15_1,Kalimantan Timur (legacy unit; includes later Kalimantan Utara area),2016,1,4507.0,16
IDN.14_1,Kalimantan Tengah,2016,2,236.0,2
IDN.15_1,Kalimantan Timur (legacy unit; includes later Kalimantan Utara area),2016,2,4253.0,21
IDN.15_1,Kalimantan Timur (legacy unit; includes later Kalimantan Utara area),2016,3,2710.0,20
IDN.15_1,Kalimantan Timur (legacy unit; includes later Kalimantan Utara area),2016,4,321.0,3
IDN.15_1,Kalimantan Timur (legacy unit; includes later Kalimantan Utara area),2016,5,128.0,2
IDN.12_1,Kalimantan Barat,2016,6,64.0,1
IDN.12_1,Kalimantan Barat,2016,7,257.0,1
IDN.12_1,Kalimantan Barat,2016,8,3199.0,23
IDN.14_1,Kalimantan Tengah,2016,8,790.0,7
IDN.12_1,Kalimantan Barat,2016,9,3991.0,28
IDN.13_1,Kalimantan Selatan,2016,9,298.0,3
IDN.14_1,Kalimantan Tengah,2016,9,107.0,1
IDN.15_1,Kalimantan Timur (legacy unit; includes later Kalimantan Utara area),2016,9,85.0,1
IDN.12_1,Kalimantan Barat,2016,10,363.0,4
IDN.12_1,Kalimantan Barat,2017,6,171.0,1
IDN.12_1,Kalimantan Barat,2017,7,1558.0,10
IDN.13_1,Kalimantan Selatan,2017,7,171.0,2
IDN.14_1,Kalimantan Tengah,2017,7,342.0,2
IDN.15_1,Kalimantan Timur (legacy unit; includes later Kalimantan Utara area),2017,7,149.0,2
IDN.12_1,Kalimantan Barat,2017,8,640.0,4
IDN.13_1,Kalimantan Selatan,2017,8,534.0,5
IDN.12_1,Kalimantan Barat,2017,9,200.0,2
IDN.13_1,Kalimantan Selatan,2017,9,4576.0,22
IDN.14_1,Kalimantan Tengah,2017,9,598.0,6
IDN.15_1,Kalimantan Timur (legacy unit; includes later Kalimantan Utara area),2017,9,128.0,2
IDN.13_1,Kalimantan Selatan,2017,10,705.0,4
IDN.14_1,Kalimantan Tengah,2017,10,919.0,3
IDN.12_1,Kalimantan Barat,2018,2,2334.0,18
IDN.14_1,Kalimantan Tengah,2018,2,299.0,3
IDN.12_1,Kalimantan Barat,2018,7,5049.0,22
IDN.13_1,Kalimantan Selatan,2018,7,1153.0,3
IDN.14_1,Kalimantan Tengah,2018,7,1559.0,4
IDN.15_1,Kalimantan Timur (legacy unit; includes later Kalimantan Utara area),2018,7,150.0,1
IDN.12_1,Kalimantan Barat,2018,8,30446.0,144
IDN.13_1,Kalimantan Selatan,2018,8,2241.0,11
IDN.14_1,Kalimantan Tengah,2018,8,8819.0,39
IDN.15_1,Kalimantan Timur (legacy unit; includes later Kalimantan Utara area),2018,8,3141.0,15
IDN.12_1,Kalimantan Barat,2018,9,5937.0,23
IDN.13_1,Kalimantan Selatan,2018,9,15771.0,79
IDN.14_1,Kalimantan Tengah,2018,9,19247.0,71
IDN.15_1,Kalimantan Timur (legacy unit; includes later Kalimantan Utara area),2018,9,6666.0,29
IDN.12_1,Kalimantan Barat,2018,10,1111.0,4
IDN.13_1,Kalimantan Selatan,2018,10,3139.0,20
IDN.14_1,Kalimantan Tengah,2018,10,7627.0,43
IDN.15_1,Kalimantan Timur (legacy unit; includes later Kalimantan Utara area),2018,10,1687.0,7
IDN.14_1,Kalimantan Tengah,2018,11,171.0,2
IDN.13_1,Kalimantan Selatan,2019,2,64.0,1
IDN.15_1,Kalimantan Timur (legacy unit; includes later Kalimantan Utara area),2019,2,2971.0,8
IDN.12_1,Kalimantan Barat,2019,3,1281.0,5
IDN.14_1,Kalimantan Tengah,2019,3,64.0,1
IDN.15_1,Kalimantan Timur (legacy unit; includes later Kalimantan Utara area),2019,3,384.0,3
IDN.12_1,Kalimantan Barat,2019,4,385.0,1
IDN.12_1,Kalimantan Barat,2019,5,1261.0,3
IDN.12_1,Kalimantan Barat,2019,6,256.0,2
IDN.13_1,Kalimantan Selatan,2019,6,86.0,1
IDN.14_1,Kalimantan Tengah,2019,6,85.0,1
IDN.15_1,Kalimantan Timur (legacy unit; includes later Kalimantan Utara area),2019,6,427.0,2
IDN.12_1,Kalimantan Barat,2019,7,2005.0,15
IDN.13_1,Kalimantan Selatan,2019,7,2075.0,17
IDN.14_1,Kalimantan Tengah,2019,7,4766.0,22
IDN.15_1,Kalimantan Timur (legacy unit; includes later Kalimantan Utara area),2019,7,961.0,8
IDN.12_1,Kalimantan Barat,2019,8,24828.0,118
IDN.13_1,Kalimantan Selatan,2019,8,11585.0,54
IDN.14_1,Kalimantan Tengah,2019,8,26834.0,142
IDN.15_1,Kalimantan Timur (legacy unit; includes later Kalimantan Utara area),2019,8,6084.0,25
IDN.12_1,Kalimantan Barat,2019,9,39151.0,230
IDN.13_1,Kalimantan Selatan,2019,9,44109.0,193
IDN.14_1,Kalimantan Tengah,2019,9,127690.0,600
IDN.15_1,Kalimantan Timur (legacy unit; includes later Kalimantan Utara area),2019,9,40123.0,194
IDN.12_1,Kalimantan Barat,2019,10,2001.0,15
IDN.13_1,Kalimantan Selatan,2019,10,9497.0,51
IDN.14_1,Kalimantan Tengah,2019,10,18514.0,100
IDN.15_1,Kalimantan Timur (legacy unit; includes later Kalimantan Utara area),2019,10,3695.0,27
IDN.12_1,Kalimantan Barat,2019,11,1815.0,6
IDN.13_1,Kalimantan Selatan,2019,11,2838.0,18
IDN.14_1,Kalimantan Tengah,2019,11,12281.0,70
IDN.15_1,Kalimantan Timur (legacy unit; includes later Kalimantan Utara area),2019,11,1110.0,5
IDN.13_1,Kalimantan Selatan,2019,12,64.0,1
IDN.15_1,Kalimantan Timur (legacy unit; includes later Kalimantan Utara area),2019,12,193.0,1
IDN.15_1,Kalimantan Timur (legacy unit; includes later Kalimantan Utara area),2020,2,278.0,1
IDN.15_1,Kalimantan Timur (legacy unit; includes later Kalimantan Utara area),2020,3,214.0,1
IDN.15_1,Kalimantan Timur (legacy unit; includes later Kalimantan Utara area),2020,4,557.0,4
IDN.12_1,Kalimantan Barat,2020,8,299.0,4
IDN.12_1,Kalimantan Barat,2020,9,404.0,5
IDN.13_1,Kalimantan Selatan,2020,9,150.0,1
IDN.14_1,Kalimantan Tengah,2020,9,469.0,5
IDN.12_1,Kalimantan Barat,2021,2,5195.0,22
IDN.12_1,Kalimantan Barat,2021,3,554.0,8
IDN.12_1,Kalimantan Barat,2021,4,897.0,2
IDN.12_1,Kalimantan Barat,2021,5,64.0,1
IDN.12_1,Kalimantan Barat,2021,7,683.0,5
IDN.13_1,Kalimantan Selatan,2021,7,214.0,1
IDN.14_1,Kalimantan Tengah,2021,7,128.0,1
IDN.12_1,Kalimantan Barat,2021,8,512.0,5
IDN.13_1,Kalimantan Selatan,2021,8,64.0,1
IDN.14_1,Kalimantan Tengah,2021,8,107.0,1
IDN.15_1,Kalimantan Timur (legacy unit; includes later Kalimantan Utara area),2021,8,171.0,1
IDN.12_1,Kalimantan Barat,2021,9,192.0,2
IDN.14_1,Kalimantan Tengah,2021,10,85.0,1
IDN.12_1,Kalimantan Barat,2022,2,64.0,1
IDN.12_1,Kalimantan Barat,2022,3,2925.0,12
IDN.12_1,Kalimantan Barat,2022,4,193.0,3
IDN.12_1,Kalimantan Barat,2022,7,320.0,3
IDN.12_1,Kalimantan Barat,2022,8,961.0,7
IDN.13_1,Kalimantan Selatan,2022,8,64.0,1
IDN.15_1,Kalimantan Timur (legacy unit; includes later Kalimantan Utara area),2022,8,85.0,1
IDN.12_1,Kalimantan Barat,2023,4,128.0,1
IDN.12_1,Kalimantan Barat,2023,5,427.0,2
IDN.13_1,Kalimantan Selatan,2023,5,790.0,2
IDN.12_1,Kalimantan Barat,2023,6,683.0,4
IDN.13_1,Kalimantan Selatan,2023,6,150.0,1
IDN.14_1,Kalimantan Tengah,2023,6,64.0,1
IDN.12_1,Kalimantan Barat,2023,7,2503.0,15
IDN.13_1,Kalimantan Selatan,2023,7,2455.0,17
IDN.14_1,Kalimantan Tengah,2023,7,1345.0,9
IDN.15_1,Kalimantan Timur (legacy unit; includes later Kalimantan Utara area),2023,7,321.0,2
IDN.12_1,Kalimantan Barat,2023,8,10898.0,66
IDN.13_1,Kalimantan Selatan,2023,8,6865.0,32
IDN.14_1,Kalimantan Tengah,2023,8,18714.0,66
IDN.15_1,Kalimantan Timur (legacy unit; includes later Kalimantan Utara area),2023,8,5446.0,23
IDN.12_1,Kalimantan Barat,2023,9,19120.0,77
IDN.13_1,Kalimantan Selatan,2023,9,32879.0,126
IDN.14_1,Kalimantan Tengah,2023,9,51436.0,190
IDN.15_1,Kalimantan Timur (legacy unit; includes later Kalimantan Utara area),2023,9,4145.0,21
IDN.12_1,Kalimantan Barat,2023,10,3845.0,21
IDN.13_1,Kalimantan Selatan,2023,10,9922.0,65
IDN.14_1,Kalimantan Tengah,2023,10,60823.0,275
IDN.15_1,Kalimantan Timur (legacy unit; includes later Kalimantan Utara area),2023,10,4292.0,26
IDN.13_1,Kalimantan Selatan,2023,11,192.0,2
IDN.14_1,Kalimantan Tengah,2023,11,1430.0,12
IDN.15_1,Kalimantan Timur (legacy unit; includes later Kalimantan Utara area),2023,11,598.0,3
IDN.12_1,Kalimantan Barat,2024,1,85.0,1
IDN.15_1,Kalimantan Timur (legacy unit; includes later Kalimantan Utara area),2024,1,534.0,3
IDN.15_1,Kalimantan Timur (legacy unit; includes later Kalimantan Utara area),2024,2,1902.0,9
IDN.12_1,Kalimantan Barat,2024,3,663.0,4
IDN.15_1,Kalimantan Timur (legacy unit; includes later Kalimantan Utara area),2024,3,1111.0,5
IDN.15_1,Kalimantan Timur (legacy unit; includes later Kalimantan Utara area),2024,4,2276.0,13
IDN.12_1,Kalimantan Barat,2024,5,85.0,1
IDN.14_1,Kalimantan Tengah,2024,5,85.0,1
IDN.15_1,Kalimantan Timur (legacy unit; includes later Kalimantan Utara area),2024,5,64.0,1
IDN.12_1,Kalimantan Barat,2024,7,1476.0,10
IDN.14_1,Kalimantan Tengah,2024,7,278.0,1
IDN.12_1,Kalimantan Barat,2024,8,1945.0,11
IDN.14_1,Kalimantan Tengah,2024,8,469.0,5
IDN.12_1,Kalimantan Barat,2024,9,1579.0,11
IDN.13_1,Kalimantan Selatan,2024,9,1046.0,4
IDN.14_1,Kalimantan Tengah,2024,9,1752.0,5
IDN.15_1,Kalimantan Timur (legacy unit; includes later Kalimantan Utara area),2024,9,5580.0,20
IDN.14_1,Kalimantan Tengah,2024,10,362.0,5
IDN.15_1,Kalimantan Timur (legacy unit; includes later Kalimantan Utara area),2024,10,619.0,4
