season,season_year,end_date,anomaly_c
DJF,1950,1950-02-28,-1.19
JFM,1950,1950-03-31,-1.08
FMA,1950,1950-04-30,-0.96
MAM,1950,1950-05-31,-1.0
AMJ,1950,1950-06-30,-0.99
MJJ,1950,1950-07-31,-0.75
JJA,1950,1950-08-31,-0.38
JAS,1950,1950-09-30,-0.32
ASO,1950,1950-10-31,-0.29
SON,1950,1950-11-30,-0.38
OND,1950,1950-12-31,-0.36
NDJ,1950,1951-01-31,-0.5
DJF,1951,1951-02-28,-0.28
JFM,1951,1951-03-31,0.09
FMA,1951,1951-04-30,0.48
MAM,1951,1951-05-31,0.63
AMJ,1951,1951-06-30,0.59
MJJ,1951,1951-07-31,0.69
JJA,1951,1951-08-31,0.79
JAS,1951,1951-09-30,0.97
ASO,1951,1951-10-31,1.04
SON,1951,1951-11-30,0.98
OND,1951,1951-12-31,0.94
NDJ,1951,1952-01-31,0.71
DJF,1952,1952-02-29,0.65
JFM,1952,1952-03-31,0.33
FMA,1952,1952-04-30,0.46
MAM,1952,1952-05-31,0.24
AMJ,1952,1952-06-30,-0.03
MJJ,1952,1952-07-31,-0.45
JJA,1952,1952-08-31,-0.41
JAS,1952,1952-09-30,-0.14
ASO,1952,1952-10-31,0.08
SON,1952,1952-11-30,0.04
OND,1952,1952-12-31,-0.1
NDJ,1952,1953-01-31,0.1
DJF,1953,1953-02-28,0.4
JFM,1953,1953-03-31,0.67
FMA,1953,1953-04-30,0.68
MAM,1953,1953-05-31,0.72
AMJ,1953,1953-06-30,0.94
MJJ,1953,1953-07-31,0.84
JJA,1953,1953-08-31,0.68
JAS,1953,1953-09-30,0.73
ASO,1953,1953-10-31,0.65
SON,1953,1953-11-30,0.84
OND,1953,1953-12-31,0.57
NDJ,1953,1954-01-31,0.66
DJF,1954,1954-02-28,0.63
JFM,1954,1954-03-31,0.63
FMA,1954,1954-04-30,0.31
MAM,1954,1954-05-31,-0.02
AMJ,1954,1954-06-30,-0.24
MJJ,1954,1954-07-31,-0.21
JJA,1954,1954-08-31,-0.45
JAS,1954,1954-09-30,-0.62
ASO,1954,1954-10-31,-0.54
SON,1954,1954-11-30,-0.31
OND,1954,1954-12-31,-0.09
NDJ,1954,1955-01-31,-0.18
DJF,1955,1955-02-28,-0.12
JFM,1955,1955-03-31,-0.14
FMA,1955,1955-04-30,-0.13
MAM,1955,1955-05-31,-0.38
AMJ,1955,1955-06-30,-0.36
MJJ,1955,1955-07-31,-0.52
JJA,1955,1955-08-31,-0.4
JAS,1955,1955-09-30,-0.7
ASO,1955,1955-10-31,-0.9
SON,1955,1955-11-30,-1.31
OND,1955,1955-12-31,-1.4
NDJ,1955,1956-01-31,-1.31
DJF,1956,1956-02-29,-0.81
JFM,1956,1956-03-31,-0.4
FMA,1956,1956-04-30,-0.12
MAM,1956,1956-05-31,-0.09
AMJ,1956,1956-06-30,-0.03
MJJ,1956,1956-07-31,-0.01
JJA,1956,1956-08-31,-0.15
JAS,1956,1956-09-30,-0.18
ASO,1956,1956-10-31,-0.12
SON,1956,1956-11-30,-0.14
OND,1956,1956-12-31,-0.14
NDJ,1956,1957-01-31,-0.17
DJF,1957,1957-02-28,0.0
JFM,1957,1957-03-31,0.22
FMA,1957,1957-04-30,0.53
MAM,1957,1957-05-31,0.83
AMJ,1957,1957-06-30,0.88
MJJ,1957,1957-07-31,0.9
JJA,1957,1957-08-31,1.03
JAS,1957,1957-09-30,1.05
ASO,1957,1957-10-31,1.14
SON,1957,1957-11-30,1.16
OND,1957,1957-12-31,1.45
NDJ,1957,1958-01-31,1.75
DJF,1958,1958-02-28,1.89
JFM,1958,1958-03-31,1.79
FMA,1958,1958-04-30,1.31
MAM,1958,1958-05-31,0.95
AMJ,1958,1958-06-30,0.66
MJJ,1958,1958-07-31,0.56
JJA,1958,1958-08-31,0.45
JAS,1958,1958-09-30,0.26
ASO,1958,1958-10-31,0.23
SON,1958,1958-11-30,0.24
OND,1958,1958-12-31,0.36
NDJ,1958,1959-01-31,0.64
DJF,1959,1959-02-28,0.77
JFM,1959,1959-03-31,0.83
FMA,1959,1959-04-30,0.64
MAM,1959,1959-05-31,0.48
AMJ,1959,1959-06-30,0.33
MJJ,1959,1959-07-31,0.09
JJA,1959,1959-08-31,-0.11
JAS,1959,1959-09-30,-0.23
ASO,1959,1959-10-31,-0.07
SON,1959,1959-11-30,0.04
OND,1959,1959-12-31,0.24
NDJ,1959,1960-01-31,0.22
DJF,1960,1960-02-29,0.2
JFM,1960,1960-03-31,0.19
FMA,1960,1960-04-30,0.21
MAM,1960,1960-05-31,0.25
AMJ,1960,1960-06-30,0.16
MJJ,1960,1960-07-31,0.06
JJA,1960,1960-08-31,0.12
JAS,1960,1960-09-30,0.2
ASO,1960,1960-10-31,0.26
SON,1960,1960-11-30,0.08
OND,1960,1960-12-31,-0.07
NDJ,1960,1961-01-31,-0.09
DJF,1961,1961-02-28,0.03
JFM,1961,1961-03-31,0.08
FMA,1961,1961-04-30,0.03
MAM,1961,1961-05-31,0.06
AMJ,1961,1961-06-30,0.24
MJJ,1961,1961-07-31,0.3
JJA,1961,1961-08-31,0.2
JAS,1961,1961-09-30,-0.07
ASO,1961,1961-10-31,-0.23
SON,1961,1961-11-30,-0.16
OND,1961,1961-12-31,-0.06
NDJ,1961,1962-01-31,0.02
DJF,1962,1962-02-28,-0.01
JFM,1962,1962-03-31,-0.01
FMA,1962,1962-04-30,0.0
MAM,1962,1962-05-31,-0.16
AMJ,1962,1962-06-30,-0.17
MJJ,1962,1962-07-31,-0.14
JJA,1962,1962-08-31,0.01
JAS,1962,1962-09-30,-0.1
ASO,1962,1962-10-31,-0.15
SON,1962,1962-11-30,-0.3
OND,1962,1962-12-31,-0.29
NDJ,1962,1963-01-31,-0.37
DJF,1963,1963-02-28,-0.29
JFM,1963,1963-03-31,-0.12
FMA,1963,1963-04-30,0.04
MAM,1963,1963-05-31,0.06
AMJ,1963,1963-06-30,0.01
MJJ,1963,1963-07-31,0.37
JJA,1963,1963-08-31,0.73
JAS,1963,1963-09-30,1.08
ASO,1963,1963-10-31,1.07
SON,1963,1963-11-30,1.06
OND,1963,1963-12-31,1.11
NDJ,1963,1964-01-31,1.07
DJF,1964,1964-02-29,1.0
JFM,1964,1964-03-31,0.6
FMA,1964,1964-04-30,0.1
MAM,1964,1964-05-31,-0.37
AMJ,1964,1964-06-30,-0.66
MJJ,1964,1964-07-31,-0.66
JJA,1964,1964-08-31,-0.59
JAS,1964,1964-09-30,-0.55
ASO,1964,1964-10-31,-0.53
SON,1964,1964-11-30,-0.64
OND,1964,1964-12-31,-0.58
NDJ,1964,1965-01-31,-0.48
DJF,1965,1965-02-28,-0.16
JFM,1965,1965-03-31,0.1
FMA,1965,1965-04-30,0.22
MAM,1965,1965-05-31,0.36
AMJ,1965,1965-06-30,0.64
MJJ,1965,1965-07-31,1.01
JJA,1965,1965-08-31,1.33
JAS,1965,1965-09-30,1.49
ASO,1965,1965-10-31,1.76
SON,1965,1965-11-30,1.86
OND,1965,1965-12-31,1.99
NDJ,1965,1966-01-31,1.81
DJF,1966,1966-02-28,1.53
JFM,1966,1966-03-31,1.29
FMA,1966,1966-04-30,1.04
MAM,1966,1966-05-31,0.59
AMJ,1966,1966-06-30,0.31
MJJ,1966,1966-07-31,0.22
JJA,1966,1966-08-31,0.32
JAS,1966,1966-09-30,0.19
ASO,1966,1966-10-31,0.0
SON,1966,1966-11-30,-0.03
OND,1966,1966-12-31,-0.12
NDJ,1966,1967-01-31,-0.22
DJF,1967,1967-02-28,-0.26
JFM,1967,1967-03-31,-0.24
FMA,1967,1967-04-30,-0.35
MAM,1967,1967-05-31,-0.31
AMJ,1967,1967-06-30,-0.09
MJJ,1967,1967-07-31,0.21
JJA,1967,1967-08-31,0.25
JAS,1967,1967-09-30,-0.01
ASO,1967,1967-10-31,-0.11
SON,1967,1967-11-30,-0.08
OND,1967,1967-12-31,0.01
NDJ,1967,1968-01-31,-0.03
DJF,1968,1968-02-29,-0.23
JFM,1968,1968-03-31,-0.36
FMA,1968,1968-04-30,-0.32
MAM,1968,1968-05-31,-0.26
AMJ,1968,1968-06-30,0.07
MJJ,1968,1968-07-31,0.32
JJA,1968,1968-08-31,0.56
JAS,1968,1968-09-30,0.46
ASO,1968,1968-10-31,0.39
SON,1968,1968-11-30,0.56
OND,1968,1968-12-31,0.74
NDJ,1968,1969-01-31,1.02
DJF,1969,1969-02-28,1.07
JFM,1969,1969-03-31,1.0
FMA,1969,1969-04-30,0.67
MAM,1969,1969-05-31,0.44
AMJ,1969,1969-06-30,0.37
MJJ,1969,1969-07-31,0.3
JJA,1969,1969-08-31,0.28
JAS,1969,1969-09-30,0.34
ASO,1969,1969-10-31,0.57
SON,1969,1969-11-30,0.67
OND,1969,1969-12-31,0.81
NDJ,1969,1970-01-31,0.68
DJF,1970,1970-02-28,0.46
JFM,1970,1970-03-31,0.21
FMA,1970,1970-04-30,0.24
MAM,1970,1970-05-31,0.24
AMJ,1970,1970-06-30,0.12
MJJ,1970,1970-07-31,-0.23
JJA,1970,1970-08-31,-0.47
JAS,1970,1970-09-30,-0.64
ASO,1970,1970-10-31,-0.55
SON,1970,1970-11-30,-0.57
OND,1970,1970-12-31,-0.55
NDJ,1970,1971-01-31,-0.85
DJF,1971,1971-02-28,-0.95
JFM,1971,1971-03-31,-1.0
FMA,1971,1971-04-30,-0.78
MAM,1971,1971-05-31,-0.57
AMJ,1971,1971-06-30,-0.48
MJJ,1971,1971-07-31,-0.37
JJA,1971,1971-08-31,-0.3
JAS,1971,1971-09-30,-0.25
ASO,1971,1971-10-31,-0.3
SON,1971,1971-11-30,-0.4
OND,1971,1971-12-31,-0.41
NDJ,1971,1972-01-31,-0.38
DJF,1972,1972-02-29,-0.21
JFM,1972,1972-03-31,0.03
FMA,1972,1972-04-30,0.32
MAM,1972,1972-05-31,0.51
AMJ,1972,1972-06-30,0.66
MJJ,1972,1972-07-31,0.87
JJA,1972,1972-08-31,1.14
JAS,1972,1972-09-30,1.4
ASO,1972,1972-10-31,1.64
SON,1972,1972-11-30,1.82
OND,1972,1972-12-31,1.97
NDJ,1972,1973-01-31,1.88
DJF,1973,1973-02-28,1.69
JFM,1973,1973-03-31,1.25
FMA,1973,1973-04-30,0.58
MAM,1973,1973-05-31,-0.17
AMJ,1973,1973-06-30,-0.73
MJJ,1973,1973-07-31,-0.98
JJA,1973,1973-08-31,-1.1
JAS,1973,1973-09-30,-1.19
ASO,1973,1973-10-31,-1.3
SON,1973,1973-11-30,-1.63
OND,1973,1973-12-31,-1.86
NDJ,1973,1974-01-31,-1.91
DJF,1974,1974-02-28,-1.6
JFM,1974,1974-03-31,-1.28
FMA,1974,1974-04-30,-0.97
MAM,1974,1974-05-31,-0.84
AMJ,1974,1974-06-30,-0.57
MJJ,1974,1974-07-31,-0.5
JJA,1974,1974-08-31,-0.27
JAS,1974,1974-09-30,-0.21
ASO,1974,1974-10-31,-0.24
SON,1974,1974-11-30,-0.45
OND,1974,1974-12-31,-0.59
NDJ,1974,1975-01-31,-0.35
DJF,1975,1975-02-28,-0.12
JFM,1975,1975-03-31,-0.13
FMA,1975,1975-04-30,-0.29
MAM,1975,1975-05-31,-0.42
AMJ,1975,1975-06-30,-0.61
MJJ,1975,1975-07-31,-0.73
JJA,1975,1975-08-31,-0.87
JAS,1975,1975-09-30,-0.88
ASO,1975,1975-10-31,-0.98
SON,1975,1975-11-30,-0.95
OND,1975,1975-12-31,-1.02
NDJ,1975,1976-01-31,-1.11
DJF,1976,1976-02-29,-1.0
JFM,1976,1976-03-31,-0.65
FMA,1976,1976-04-30,-0.26
MAM,1976,1976-05-31,-0.14
AMJ,1976,1976-06-30,0.01
MJJ,1976,1976-07-31,0.27
JJA,1976,1976-08-31,0.52
JAS,1976,1976-09-30,0.72
ASO,1976,1976-10-31,0.89
SON,1976,1976-11-30,1.04
OND,1976,1976-12-31,1.05
NDJ,1976,1977-01-31,1.08
DJF,1977,1977-02-28,0.96
JFM,1977,1977-03-31,0.89
FMA,1977,1977-04-30,0.46
MAM,1977,1977-05-31,0.32
AMJ,1977,1977-06-30,0.25
MJJ,1977,1977-07-31,0.51
JJA,1977,1977-08-31,0.48
JAS,1977,1977-09-30,0.48
ASO,1977,1977-10-31,0.62
SON,1977,1977-11-30,0.89
OND,1977,1977-12-31,1.1
NDJ,1977,1978-01-31,1.05
DJF,1978,1978-02-28,0.96
JFM,1978,1978-03-31,0.71
FMA,1978,1978-04-30,0.26
MAM,1978,1978-05-31,-0.07
AMJ,1978,1978-06-30,-0.33
MJJ,1978,1978-07-31,-0.25
JJA,1978,1978-08-31,-0.32
JAS,1978,1978-09-30,-0.27
ASO,1978,1978-10-31,-0.27
SON,1978,1978-11-30,-0.08
OND,1978,1978-12-31,0.15
NDJ,1978,1979-01-31,0.27
DJF,1979,1979-02-28,0.35
JFM,1979,1979-03-31,0.3
FMA,1979,1979-04-30,0.3
MAM,1979,1979-05-31,0.23
AMJ,1979,1979-06-30,0.13
MJJ,1979,1979-07-31,0.03
JJA,1979,1979-08-31,0.04
JAS,1979,1979-09-30,0.26
ASO,1979,1979-10-31,0.41
SON,1979,1979-11-30,0.52
OND,1979,1979-12-31,0.52
NDJ,1979,1980-01-31,0.64
DJF,1980,1980-02-29,0.65
JFM,1980,1980-03-31,0.45
FMA,1980,1980-04-30,0.25
MAM,1980,1980-05-31,0.14
AMJ,1980,1980-06-30,0.27
MJJ,1980,1980-07-31,0.28
JJA,1980,1980-08-31,0.14
JAS,1980,1980-09-30,-0.1
ASO,1980,1980-10-31,-0.18
SON,1980,1980-11-30,-0.06
OND,1980,1980-12-31,0.14
NDJ,1980,1981-01-31,0.09
DJF,1981,1981-02-28,-0.03
JFM,1981,1981-03-31,-0.18
FMA,1981,1981-04-30,-0.28
MAM,1981,1981-05-31,-0.24
AMJ,1981,1981-06-30,-0.3
MJJ,1981,1981-07-31,-0.26
JJA,1981,1981-08-31,-0.23
JAS,1981,1981-09-30,-0.16
ASO,1981,1981-10-31,-0.02
SON,1981,1981-11-30,-0.17
OND,1981,1981-12-31,-0.21
NDJ,1981,1982-01-31,-0.08
DJF,1982,1982-02-28,0.11
JFM,1982,1982-03-31,0.22
FMA,1982,1982-04-30,0.23
MAM,1982,1982-05-31,0.46
AMJ,1982,1982-06-30,0.74
MJJ,1982,1982-07-31,0.84
JJA,1982,1982-08-31,0.89
JAS,1982,1982-09-30,1.14
ASO,1982,1982-10-31,1.64
SON,1982,1982-11-30,2.03
OND,1982,1982-12-31,2.24
NDJ,1982,1983-01-31,2.36
DJF,1983,1983-02-28,2.4
JFM,1983,1983-03-31,2.15
FMA,1983,1983-04-30,1.67
MAM,1983,1983-05-31,1.3
AMJ,1983,1983-06-30,0.87
MJJ,1983,1983-07-31,0.47
JJA,1983,1983-08-31,0.03
JAS,1983,1983-09-30,-0.23
ASO,1983,1983-10-31,-0.59
SON,1983,1983-11-30,-0.9
OND,1983,1983-12-31,-1.1
NDJ,1983,1984-01-31,-0.96
DJF,1984,1984-02-29,-0.63
JFM,1984,1984-03-31,-0.52
FMA,1984,1984-04-30,-0.45
MAM,1984,1984-05-31,-0.59
AMJ,1984,1984-06-30,-0.62
MJJ,1984,1984-07-31,-0.51
JJA,1984,1984-08-31,-0.32
JAS,1984,1984-09-30,-0.17
ASO,1984,1984-10-31,-0.28
SON,1984,1984-11-30,-0.61
OND,1984,1984-12-31,-0.88
NDJ,1984,1985-01-31,-0.93
DJF,1985,1985-02-28,-0.83
JFM,1985,1985-03-31,-0.68
FMA,1985,1985-04-30,-0.75
MAM,1985,1985-05-31,-0.76
AMJ,1985,1985-06-30,-0.77
MJJ,1985,1985-07-31,-0.55
JJA,1985,1985-08-31,-0.33
JAS,1985,1985-09-30,-0.2
ASO,1985,1985-10-31,-0.16
SON,1985,1985-11-30,-0.18
OND,1985,1985-12-31,-0.14
NDJ,1985,1986-01-31,-0.21
DJF,1986,1986-02-28,-0.26
JFM,1986,1986-03-31,-0.27
FMA,1986,1986-04-30,-0.19
MAM,1986,1986-05-31,-0.14
AMJ,1986,1986-06-30,-0.11
MJJ,1986,1986-07-31,-0.01
JJA,1986,1986-08-31,0.26
JAS,1986,1986-09-30,0.57
ASO,1986,1986-10-31,0.79
SON,1986,1986-11-30,1.0
OND,1986,1986-12-31,1.22
NDJ,1986,1987-01-31,1.42
DJF,1987,1987-02-28,1.46
JFM,1987,1987-03-31,1.35
FMA,1987,1987-04-30,1.14
MAM,1987,1987-05-31,0.93
AMJ,1987,1987-06-30,0.85
MJJ,1987,1987-07-31,0.94
JJA,1987,1987-08-31,1.11
JAS,1987,1987-09-30,1.3
ASO,1987,1987-10-31,1.34
SON,1987,1987-11-30,1.2
OND,1987,1987-12-31,0.98
NDJ,1987,1988-01-31,0.8
DJF,1988,1988-02-29,0.45
JFM,1988,1988-03-31,0.11
FMA,1988,1988-04-30,-0.4
MAM,1988,1988-05-31,-0.91
AMJ,1988,1988-06-30,-1.49
MJJ,1988,1988-07-31,-1.74
JJA,1988,1988-08-31,-1.64
JAS,1988,1988-09-30,-1.36
ASO,1988,1988-10-31,-1.44
SON,1988,1988-11-30,-1.71
OND,1988,1988-12-31,-1.95
NDJ,1988,1989-01-31,-1.94
DJF,1989,1989-02-28,-1.64
JFM,1989,1989-03-31,-1.37
FMA,1989,1989-04-30,-1.11
MAM,1989,1989-05-31,-0.89
AMJ,1989,1989-06-30,-0.65
MJJ,1989,1989-07-31,-0.43
JJA,1989,1989-08-31,-0.41
JAS,1989,1989-09-30,-0.38
ASO,1989,1989-10-31,-0.31
SON,1989,1989-11-30,-0.23
OND,1989,1989-12-31,-0.08
NDJ,1989,1990-01-31,0.06
DJF,1990,1990-02-28,0.32
JFM,1990,1990-03-31,0.3
FMA,1990,1990-04-30,0.32
MAM,1990,1990-05-31,0.26
AMJ,1990,1990-06-30,0.19
MJJ,1990,1990-07-31,0.2
JJA,1990,1990-08-31,0.21
JAS,1990,1990-09-30,0.33
ASO,1990,1990-10-31,0.33
SON,1990,1990-11-30,0.27
OND,1990,1990-12-31,0.3
NDJ,1990,1991-01-31,0.43
DJF,1991,1991-02-28,0.57
JFM,1991,1991-03-31,0.53
FMA,1991,1991-04-30,0.42
MAM,1991,1991-05-31,0.42
AMJ,1991,1991-06-30,0.56
MJJ,1991,1991-07-31,0.7
JJA,1991,1991-08-31,0.86
JAS,1991,1991-09-30,0.83
ASO,1991,1991-10-31,1.01
SON,1991,1991-11-30,1.2
OND,1991,1991-12-31,1.66
NDJ,1991,1992-01-31,1.97
DJF,1992,1992-02-29,2.12
JFM,1992,1992-03-31,2.08
FMA,1992,1992-04-30,1.94
MAM,1992,1992-05-31,1.76
AMJ,1992,1992-06-30,1.4
MJJ,1992,1992-07-31,0.93
JJA,1992,1992-08-31,0.52
JAS,1992,1992-09-30,0.3
ASO,1992,1992-10-31,0.13
SON,1992,1992-11-30,0.1
OND,1992,1992-12-31,0.12
NDJ,1992,1993-01-31,0.35
DJF,1993,1993-02-28,0.55
JFM,1993,1993-03-31,0.7
FMA,1993,1993-04-30,0.86
MAM,1993,1993-05-31,1.06
AMJ,1993,1993-06-30,1.0
MJJ,1993,1993-07-31,0.77
JJA,1993,1993-08-31,0.45
JAS,1993,1993-09-30,0.46
ASO,1993,1993-10-31,0.48
SON,1993,1993-11-30,0.46
OND,1993,1993-12-31,0.44
NDJ,1993,1994-01-31,0.42
DJF,1994,1994-02-28,0.33
JFM,1994,1994-03-31,0.24
FMA,1994,1994-04-30,0.23
MAM,1994,1994-05-31,0.32
AMJ,1994,1994-06-30,0.4
MJJ,1994,1994-07-31,0.41
JJA,1994,1994-08-31,0.53
JAS,1994,1994-09-30,0.6
ASO,1994,1994-10-31,0.79
SON,1994,1994-11-30,0.97
OND,1994,1994-12-31,1.23
NDJ,1994,1995-01-31,1.28
DJF,1995,1995-02-28,1.17
JFM,1995,1995-03-31,0.86
FMA,1995,1995-04-30,0.55
MAM,1995,1995-05-31,0.2
AMJ,1995,1995-06-30,-0.07
MJJ,1995,1995-07-31,-0.23
JJA,1995,1995-08-31,-0.41
JAS,1995,1995-09-30,-0.57
ASO,1995,1995-10-31,-0.76
SON,1995,1995-11-30,-0.93
OND,1995,1995-12-31,-1.02
NDJ,1995,1996-01-31,-0.99
DJF,1996,1996-02-29,-0.87
JFM,1996,1996-03-31,-0.75
FMA,1996,1996-04-30,-0.58
MAM,1996,1996-05-31,-0.37
AMJ,1996,1996-06-30,-0.25
MJJ,1996,1996-07-31,-0.24
JJA,1996,1996-08-31,-0.2
JAS,1996,1996-09-30,-0.2
ASO,1996,1996-10-31,-0.2
SON,1996,1996-11-30,-0.25
OND,1996,1996-12-31,-0.3
NDJ,1996,1997-01-31,-0.29
DJF,1997,1997-02-28,-0.21
JFM,1997,1997-03-31,-0.03
FMA,1997,1997-04-30,0.17
MAM,1997,1997-05-31,0.47
AMJ,1997,1997-06-30,0.83
MJJ,1997,1997-07-31,1.2
JJA,1997,1997-08-31,1.5
JAS,1997,1997-09-30,1.84
ASO,1997,1997-10-31,2.07
SON,1997,1997-11-30,2.22
OND,1997,1997-12-31,2.25
NDJ,1997,1998-01-31,2.28
DJF,1998,1998-02-28,2.13
JFM,1998,1998-03-31,1.82
FMA,1998,1998-04-30,1.22
MAM,1998,1998-05-31,0.81
AMJ,1998,1998-06-30,0.07
MJJ,1998,1998-07-31,-0.46
JJA,1998,1998-08-31,-1.05
JAS,1998,1998-09-30,-1.14
ASO,1998,1998-10-31,-1.24
SON,1998,1998-11-30,-1.33
OND,1998,1998-12-31,-1.51
NDJ,1998,1999-01-31,-1.61
DJF,1999,1999-02-28,-1.56
JFM,1999,1999-03-31,-1.28
FMA,1999,1999-04-30,-0.99
MAM,1999,1999-05-31,-0.88
AMJ,1999,1999-06-30,-0.81
MJJ,1999,1999-07-31,-0.82
JJA,1999,1999-08-31,-0.83
JAS,1999,1999-09-30,-0.86
ASO,1999,1999-10-31,-0.87
SON,1999,1999-11-30,-1.06
OND,1999,1999-12-31,-1.33
NDJ,1999,2000-01-31,-1.56
DJF,2000,2000-02-29,-1.5
JFM,2000,2000-03-31,-1.31
FMA,2000,2000-04-30,-1.06
MAM,2000,2000-05-31,-0.88
AMJ,2000,2000-06-30,-0.68
MJJ,2000,2000-07-31,-0.54
JJA,2000,2000-08-31,-0.35
JAS,2000,2000-09-30,-0.29
ASO,2000,2000-10-31,-0.36
SON,2000,2000-11-30,-0.55
OND,2000,2000-12-31,-0.79
NDJ,2000,2001-01-31,-0.82
DJF,2001,2001-02-28,-0.79
JFM,2001,2001-03-31,-0.62
FMA,2001,2001-04-30,-0.55
MAM,2001,2001-05-31,-0.41
AMJ,2001,2001-06-30,-0.28
MJJ,2001,2001-07-31,-0.08
JJA,2001,2001-08-31,0.01
JAS,2001,2001-09-30,-0.02
ASO,2001,2001-10-31,-0.05
SON,2001,2001-11-30,-0.18
OND,2001,2001-12-31,-0.27
NDJ,2001,2002-01-31,-0.32
DJF,2002,2002-02-28,-0.16
JFM,2002,2002-03-31,0.01
FMA,2002,2002-04-30,0.03
MAM,2002,2002-05-31,0.05
AMJ,2002,2002-06-30,0.22
MJJ,2002,2002-07-31,0.44
JJA,2002,2002-08-31,0.64
JAS,2002,2002-09-30,0.8
ASO,2002,2002-10-31,0.97
SON,2002,2002-11-30,1.18
OND,2002,2002-12-31,1.33
NDJ,2002,2003-01-31,1.13
DJF,2003,2003-02-28,0.85
JFM,2003,2003-03-31,0.47
FMA,2003,2003-04-30,0.23
MAM,2003,2003-05-31,-0.19
AMJ,2003,2003-06-30,-0.34
MJJ,2003,2003-07-31,-0.24
JJA,2003,2003-08-31,0.04
JAS,2003,2003-09-30,0.09
ASO,2003,2003-10-31,0.17
SON,2003,2003-11-30,0.17
OND,2003,2003-12-31,0.25
NDJ,2003,2004-01-31,0.22
DJF,2004,2004-02-29,0.23
JFM,2004,2004-03-31,0.12
FMA,2004,2004-04-30,0.07
MAM,2004,2004-05-31,0.09
AMJ,2004,2004-06-30,0.18
MJJ,2004,2004-07-31,0.36
JJA,2004,2004-08-31,0.54
JAS,2004,2004-09-30,0.69
ASO,2004,2004-10-31,0.71
SON,2004,2004-11-30,0.7
OND,2004,2004-12-31,0.7
NDJ,2004,2005-01-31,0.69
DJF,2005,2005-02-28,0.54
JFM,2005,2005-03-31,0.4
FMA,2005,2005-04-30,0.26
MAM,2005,2005-05-31,0.25
AMJ,2005,2005-06-30,0.2
MJJ,2005,2005-07-31,0.05
JJA,2005,2005-08-31,-0.06
JAS,2005,2005-09-30,-0.11
ASO,2005,2005-10-31,-0.04
SON,2005,2005-11-30,-0.18
OND,2005,2005-12-31,-0.5
NDJ,2005,2006-01-31,-0.81
DJF,2006,2006-02-28,-0.9
JFM,2006,2006-03-31,-0.87
FMA,2006,2006-04-30,-0.69
MAM,2006,2006-05-31,-0.49
AMJ,2006,2006-06-30,-0.19
MJJ,2006,2006-07-31,-0.05
JJA,2006,2006-08-31,0.15
JAS,2006,2006-09-30,0.36
ASO,2006,2006-10-31,0.57
SON,2006,2006-11-30,0.73
OND,2006,2006-12-31,0.91
NDJ,2006,2007-01-31,0.89
DJF,2007,2007-02-28,0.6
JFM,2007,2007-03-31,0.16
FMA,2007,2007-04-30,-0.15
MAM,2007,2007-05-31,-0.33
AMJ,2007,2007-06-30,-0.36
MJJ,2007,2007-07-31,-0.44
JJA,2007,2007-08-31,-0.5
JAS,2007,2007-09-30,-0.79
ASO,2007,2007-10-31,-1.04
SON,2007,2007-11-30,-1.33
OND,2007,2007-12-31,-1.49
NDJ,2007,2008-01-31,-1.65
DJF,2008,2008-02-29,-1.73
JFM,2008,2008-03-31,-1.62
FMA,2008,2008-04-30,-1.39
MAM,2008,2008-05-31,-1.04
AMJ,2008,2008-06-30,-0.8
MJJ,2008,2008-07-31,-0.46
JJA,2008,2008-08-31,-0.24
JAS,2008,2008-09-30,-0.17
ASO,2008,2008-10-31,-0.26
SON,2008,2008-11-30,-0.38
OND,2008,2008-12-31,-0.6
NDJ,2008,2009-01-31,-0.86
DJF,2009,2009-02-28,-0.96
JFM,2009,2009-03-31,-0.92
FMA,2009,2009-04-30,-0.7
MAM,2009,2009-05-31,-0.43
AMJ,2009,2009-06-30,-0.05
MJJ,2009,2009-07-31,0.24
JJA,2009,2009-08-31,0.35
JAS,2009,2009-09-30,0.42
ASO,2009,2009-10-31,0.53
SON,2009,2009-11-30,0.86
OND,2009,2009-12-31,1.29
NDJ,2009,2010-01-31,1.5
DJF,2010,2010-02-28,1.44
JFM,2010,2010-03-31,1.11
FMA,2010,2010-04-30,0.69
MAM,2010,2010-05-31,0.1
AMJ,2010,2010-06-30,-0.5
MJJ,2010,2010-07-31,-0.97
JJA,2010,2010-08-31,-1.21
JAS,2010,2010-09-30,-1.39
ASO,2010,2010-10-31,-1.54
SON,2010,2010-11-30,-1.61
OND,2010,2010-12-31,-1.63
NDJ,2010,2011-01-31,-1.55
DJF,2011,2011-02-28,-1.42
JFM,2011,2011-03-31,-1.21
FMA,2011,2011-04-30,-0.97
MAM,2011,2011-05-31,-0.76
AMJ,2011,2011-06-30,-0.52
MJJ,2011,2011-07-31,-0.29
JJA,2011,2011-08-31,-0.29
JAS,2011,2011-09-30,-0.41
ASO,2011,2011-10-31,-0.7
SON,2011,2011-11-30,-0.91
OND,2011,2011-12-31,-1.02
NDJ,2011,2012-01-31,-0.96
DJF,2012,2012-02-29,-0.77
JFM,2012,2012-03-31,-0.6
FMA,2012,2012-04-30,-0.5
MAM,2012,2012-05-31,-0.42
AMJ,2012,2012-06-30,-0.26
MJJ,2012,2012-07-31,0.01
JJA,2012,2012-08-31,0.33
JAS,2012,2012-09-30,0.43
ASO,2012,2012-10-31,0.37
SON,2012,2012-11-30,0.21
OND,2012,2012-12-31,-0.03
NDJ,2012,2013-01-31,-0.27
DJF,2013,2013-02-28,-0.55
JFM,2013,2013-03-31,-0.57
FMA,2013,2013-04-30,-0.49
MAM,2013,2013-05-31,-0.44
AMJ,2013,2013-06-30,-0.48
MJJ,2013,2013-07-31,-0.48
JJA,2013,2013-08-31,-0.48
JAS,2013,2013-09-30,-0.38
ASO,2013,2013-10-31,-0.38
SON,2013,2013-11-30,-0.22
OND,2013,2013-12-31,-0.23
NDJ,2013,2014-01-31,-0.27
DJF,2014,2014-02-28,-0.43
JFM,2014,2014-03-31,-0.38
FMA,2014,2014-04-30,-0.15
MAM,2014,2014-05-31,0.11
AMJ,2014,2014-06-30,0.15
MJJ,2014,2014-07-31,0.0
JJA,2014,2014-08-31,-0.14
JAS,2014,2014-09-30,-0.09
ASO,2014,2014-10-31,0.06
SON,2014,2014-11-30,0.35
OND,2014,2014-12-31,0.54
NDJ,2014,2015-01-31,0.62
DJF,2015,2015-02-28,0.54
JFM,2015,2015-03-31,0.47
FMA,2015,2015-04-30,0.59
MAM,2015,2015-05-31,0.72
AMJ,2015,2015-06-30,0.89
MJJ,2015,2015-07-31,1.02
JJA,2015,2015-08-31,1.27
JAS,2015,2015-09-30,1.54
ASO,2015,2015-10-31,1.8
SON,2015,2015-11-30,2.03
OND,2015,2015-12-31,2.18
NDJ,2015,2016-01-31,2.25
DJF,2016,2016-02-29,2.14
JFM,2016,2016-03-31,1.81
FMA,2016,2016-04-30,1.3
MAM,2016,2016-05-31,0.65
AMJ,2016,2016-06-30,0.08
MJJ,2016,2016-07-31,-0.43
JJA,2016,2016-08-31,-0.7
JAS,2016,2016-09-30,-0.81
ASO,2016,2016-10-31,-0.88
SON,2016,2016-11-30,-0.96
OND,2016,2016-12-31,-0.96
NDJ,2016,2017-01-31,-0.89
DJF,2017,2017-02-28,-0.6
JFM,2017,2017-03-31,-0.44
FMA,2017,2017-04-30,-0.18
MAM,2017,2017-05-31,-0.1
AMJ,2017,2017-06-30,-0.02
MJJ,2017,2017-07-31,-0.04
JJA,2017,2017-08-31,-0.23
JAS,2017,2017-09-30,-0.46
ASO,2017,2017-10-31,-0.62
SON,2017,2017-11-30,-0.82
OND,2017,2017-12-31,-0.97
NDJ,2017,2018-01-31,-1.14
DJF,2018,2018-02-28,-1.08
JFM,2018,2018-03-31,-1.04
FMA,2018,2018-04-30,-0.9
MAM,2018,2018-05-31,-0.69
AMJ,2018,2018-06-30,-0.33
MJJ,2018,2018-07-31,-0.02
JJA,2018,2018-08-31,0.08
JAS,2018,2018-09-30,0.16
ASO,2018,2018-10-31,0.35
SON,2018,2018-11-30,0.62
OND,2018,2018-12-31,0.82
NDJ,2018,2019-01-31,0.78
DJF,2019,2019-02-28,0.68
JFM,2019,2019-03-31,0.64
FMA,2019,2019-04-30,0.57
MAM,2019,2019-05-31,0.53
AMJ,2019,2019-06-30,0.37
MJJ,2019,2019-07-31,0.24
JJA,2019,2019-08-31,0.04
JAS,2019,2019-09-30,-0.12
ASO,2019,2019-10-31,-0.01
SON,2019,2019-11-30,0.15
OND,2019,2019-12-31,0.29
NDJ,2019,2020-01-31,0.22
DJF,2020,2020-02-29,0.14
JFM,2020,2020-03-31,0.1
FMA,2020,2020-04-30,0.02
MAM,2020,2020-05-31,-0.25
AMJ,2020,2020-06-30,-0.55
MJJ,2020,2020-07-31,-0.72
JJA,2020,2020-08-31,-0.76
JAS,2020,2020-09-30,-0.85
ASO,2020,2020-10-31,-1.16
SON,2020,2020-11-30,-1.37
OND,2020,2020-12-31,-1.46
NDJ,2020,2021-01-31,-1.39
DJF,2021,2021-02-28,-1.32
JFM,2021,2021-03-31,-1.18
FMA,2021,2021-04-30,-1.08
MAM,2021,2021-05-31,-0.89
AMJ,2021,2021-06-30,-0.68
MJJ,2021,2021-07-31,-0.57
JJA,2021,2021-08-31,-0.6
JAS,2021,2021-09-30,-0.76
ASO,2021,2021-10-31,-0.95
SON,2021,2021-11-30,-1.08
OND,2021,2021-12-31,-1.24
NDJ,2021,2022-01-31,-1.22
DJF,2022,2022-02-28,-1.18
JFM,2022,2022-03-31,-1.13
FMA,2022,2022-04-30,-1.19
MAM,2022,2022-05-31,-1.26
AMJ,2022,2022-06-30,-1.17
MJJ,2022,2022-07-31,-0.95
JJA,2022,2022-08-31,-0.86
JAS,2022,2022-09-30,-0.94
ASO,2022,2022-10-31,-1.07
SON,2022,2022-11-30,-1.1
OND,2022,2022-12-31,-1.05
NDJ,2022,2023-01-31,-0.99
DJF,2023,2023-02-28,-0.86
JFM,2023,2023-03-31,-0.68
FMA,2023,2023-04-30,-0.55
MAM,2023,2023-05-31,-0.31
AMJ,2023,2023-06-30,-0.04
MJJ,2023,2023-07-31,0.28
JJA,2023,2023-08-31,0.54
JAS,2023,2023-09-30,0.79
ASO,2023,2023-10-31,1.04
SON,2023,2023-11-30,1.3
OND,2023,2023-12-31,1.42
NDJ,2023,2024-01-31,1.4
DJF,2024,2024-02-29,1.13
JFM,2024,2024-03-31,0.78
FMA,2024,2024-04-30,0.42
MAM,2024,2024-05-31,0.04
AMJ,2024,2024-06-30,-0.28
MJJ,2024,2024-07-31,-0.45
JJA,2024,2024-08-31,-0.49
JAS,2024,2024-09-30,-0.56
ASO,2024,2024-10-31,-0.67
SON,2024,2024-11-30,-0.76
OND,2024,2024-12-31,-0.88
NDJ,2024,2025-01-31,-1.05
DJF,2025,2025-02-28,-1.1
JFM,2025,2025-03-31,-0.85
FMA,2025,2025-04-30,-0.66
MAM,2025,2025-05-31,-0.5
AMJ,2025,2025-06-30,-0.48
MJJ,2025,2025-07-31,-0.36
JJA,2025,2025-08-31,-0.41
JAS,2025,2025-09-30,-0.59
ASO,2025,2025-10-31,-0.78
SON,2025,2025-11-30,-0.93
OND,2025,2025-12-31,-0.98
NDJ,2025,2026-01-31,-1.04
DJF,2026,2026-02-28,-0.91
JFM,2026,2026-03-31,-0.76
FMA,2026,2026-04-30,-0.44
MAM,2026,2026-05-31,-0.04
AMJ,2026,2026-06-30,0.49
MJJ,2026,2026-07-31,0.98
