bbox_pixels,bbox_window,composite_doy_max,composite_doy_min,composite_end,composite_start,doy,evi_mean_qa,evi_p05_qa,evi_p50_qa,evi_p95_qa,intersects_bbox,path,qa_pass_fraction_of_valid,qa_pass_pixels,sha256,tile,valid_evi_pixels,window_pixels,year
2495367,"[3808, 957, 4800, 4800]",365,-1,2015-01-03,2014-12-19,353,0.53509,0.39955,0.5465,0.6266,True,data/raw/mod13q1/MOD13Q1/MOD13Q1.A2014353.h28v08.061.2021316113111.hdf,0.05509,22476,0e99fa209ef50c80ea9f989649029eba7f508dcbc24dc3afabba57dad58946ab,h28v08,407990,3812256,2014
1311308,"[3808, 0, 4800, 2403]",365,-1,2015-01-03,2014-12-19,353,0.535312,0.327645,0.5504,0.65557,True,data/raw/mod13q1/MOD13Q1/MOD13Q1.A2014353.h28v09.061.2021316112908.hdf,0.013825,2922,35bb3afa11fa2628e700f0329dd17a47126a654ecc07024259bd6a99b16b8ab3,h28v09,211351,2383776,2014
17368598,"[0, 957, 4583, 4800]",365,-1,2015-01-03,2014-12-19,353,0.498587,0.3802,0.4902,0.6402,True,data/raw/mod13q1/MOD13Q1/MOD13Q1.A2014353.h29v08.061.2021316111640.hdf,0.063125,502619,0fa0089055136d1df4b12ef895e4412d067015c1099db74100e8ad9c43125e5e,h29v08,7962300,17612469,2014
10999187,"[0, 0, 4583, 2403]",365,-1,2015-01-03,2014-12-19,353,0.536793,0.3937,0.5407,0.672195,True,data/raw/mod13q1/MOD13Q1/MOD13Q1.A2014353.h29v09.061.2021316114749.hdf,0.172794,973582,4043c983d541d2e2d86f8d36034d9ce03e3433c8a682ef97e6f9edbe38bb3e9a,h29v09,5634352,11012949,2014
,,,,,,353,,,,,False,data/raw/mod13q1/MOD13Q1/MOD13Q1.A2014353.h30v08.061.2021316120322.hdf,,,,h30v08,,,2014
,,,,,,353,,,,,False,data/raw/mod13q1/MOD13Q1/MOD13Q1.A2014353.h30v09.061.2021316115615.hdf,,,,h30v09,,,2014
2495367,"[3808, 957, 4800, 4800]",16,-1,2015-01-16,2015-01-01,1,0.565376,0.3977,0.575,0.692425,True,data/raw/mod13q1/MOD13Q1/MOD13Q1.A2015001.h28v08.061.2021317061355.hdf,0.015326,6256,973528636d066def7ba73b60d476084de3cd267558051459c855ed2e59a0cd17,h28v08,408200,3812256,2015
1311308,"[3808, 0, 4800, 2403]",16,-1,2015-01-16,2015-01-01,1,0.556752,0.4262,0.56785,0.6509,True,data/raw/mod13q1/MOD13Q1/MOD13Q1.A2015001.h28v09.061.2021317051036.hdf,0.03121,6586,4dbb20c9da479fc981d1ae4647d46d6fbb987ab0a4aa05177a35a0d5d79d6649,h28v09,211022,2383776,2015
17368598,"[0, 957, 4583, 4800]",16,-1,2015-01-16,2015-01-01,1,0.518391,0.3804,0.5181,0.6572,True,data/raw/mod13q1/MOD13Q1/MOD13Q1.A2015001.h29v08.061.2021317055928.hdf,0.053667,427352,46901ab70ea2ff6a81f7d4aa4a6c86140d96325505e368be00ac8458c5441353,h29v08,7963103,17612469,2015
10999187,"[0, 0, 4583, 2403]",16,-1,2015-01-16,2015-01-01,1,0.567777,0.4226,0.5753,0.6833,True,data/raw/mod13q1/MOD13Q1/MOD13Q1.A2015001.h29v09.061.2021317044920.hdf,0.113179,637940,8ce864a63e6360178a05954a07dbb55dee11f6dc6cfea52625e78b3af2f087fe,h29v09,5636579,11012949,2015
,,,,,,1,,,,,False,data/raw/mod13q1/MOD13Q1/MOD13Q1.A2015001.h30v08.061.2021317043043.hdf,,,,h30v08,,,2015
,,,,,,1,,,,,False,data/raw/mod13q1/MOD13Q1/MOD13Q1.A2015001.h30v09.061.2021317050820.hdf,,,,h30v09,,,2015
2495367,"[3808, 957, 4800, 4800]",32,-1,2015-02-01,2015-01-17,17,0.625766,0.4624,0.6408,0.73975,True,data/raw/mod13q1/MOD13Q1/MOD13Q1.A2015017.h28v08.061.2021318041321.hdf,0.013452,5491,e8feedbfd8d1a3a47aec48a5b647ea5f993a66daed4fdfc33b72fad906c0297b,h28v08,408190,3812256,2015
1311308,"[3808, 0, 4800, 2403]",32,-1,2015-02-01,2015-01-17,17,0.601638,0.3762,0.61135,0.78821,True,data/raw/mod13q1/MOD13Q1/MOD13Q1.A2015017.h28v09.061.2021318033111.hdf,0.018074,3820,c407ff18f89b7a3b6102d57ca39b3316eb8083090e31377780c1898d124503b0,h28v09,211356,2383776,2015
17368598,"[0, 957, 4583, 4800]",32,-1,2015-02-01,2015-01-17,17,0.522792,0.3613,0.5177,0.6944,True,data/raw/mod13q1/MOD13Q1/MOD13Q1.A2015017.h29v08.061.2021318030211.hdf,0.045136,359450,9fec8517b36be71642f885b0977ba0e288f540510db385912520d9c39cbd0575,h29v08,7963641,17612469,2015
10999187,"[0, 0, 4583, 2403]",32,-1,2015-02-01,2015-01-17,17,0.53771,0.3435,0.5393,0.7146,True,data/raw/mod13q1/MOD13Q1/MOD13Q1.A2015017.h29v09.061.2021318034011.hdf,0.088471,498713,3099bd1eb1415ecc4478bd5010627c1801c19f9bd85933f34605d0b3f53c78e7,h29v09,5637050,11012949,2015
,,,,,,17,,,,,False,data/raw/mod13q1/MOD13Q1/MOD13Q1.A2015017.h30v08.061.2021318032308.hdf,,,,h30v08,,,2015
,,,,,,17,,,,,False,data/raw/mod13q1/MOD13Q1/MOD13Q1.A2015017.h30v09.061.2021318042218.hdf,,,,h30v09,,,2015
2495367,"[3808, 957, 4800, 4800]",48,-1,2015-02-17,2015-02-02,33,0.589016,0.3926,0.6108,0.6991,True,data/raw/mod13q1/MOD13Q1/MOD13Q1.A2015033.h28v08.061.2021319064502.hdf,0.182001,74259,115d0bb5139af0f5047ed9cb3d4060aba6999b7756ec34bb873d4cebba8dc15e,h28v08,408015,3812256,2015
1311308,"[3808, 0, 4800, 2403]",48,-1,2015-02-17,2015-02-02,33,0.591516,0.426235,0.6129,0.6902,True,data/raw/mod13q1/MOD13Q1/MOD13Q1.A2015033.h28v09.061.2021319065403.hdf,0.144359,30508,6c717fbe3c27c308ed21d08aaa38532d3a9819d75f8f155c0c2ccf90f2ae6871,h28v09,211334,2383776,2015
17368598,"[0, 957, 4583, 4800]",48,-1,2015-02-17,2015-02-02,33,0.548734,0.4012,0.5509,0.6918,True,data/raw/mod13q1/MOD13Q1/MOD13Q1.A2015033.h29v08.061.2021319064159.hdf,0.056127,446962,a74a75ad3fb19f96b483d151558ae7134b1cfbda968df0a94d88cfbe4d59e839,h29v08,7963445,17612469,2015
10999187,"[0, 0, 4583, 2403]",48,-1,2015-02-17,2015-02-02,33,0.573964,0.3802,0.5775,0.7476,True,data/raw/mod13q1/MOD13Q1/MOD13Q1.A2015033.h29v09.061.2021319045727.hdf,0.037565,211822,9ec435314aecb81f279b4eb0913fc3e9df1af3d7e0cf52ae93b79c46d59aa643,h29v09,5638776,11012949,2015
,,,,,,33,,,,,False,data/raw/mod13q1/MOD13Q1/MOD13Q1.A2015033.h30v08.061.2021319052700.hdf,,,,h30v08,,,2015
,,,,,,33,,,,,False,data/raw/mod13q1/MOD13Q1/MOD13Q1.A2015033.h30v09.061.2021319070500.hdf,,,,h30v09,,,2015
2495367,"[3808, 957, 4800, 4800]",64,-1,2015-03-05,2015-02-18,49,0.488539,0.3704,0.4934,0.5951,True,data/raw/mod13q1/MOD13Q1/MOD13Q1.A2015049.h28v08.061.2021320122535.hdf,0.076756,31333,8ab60c80a34a6b9a8fef13277a55d29a29ec63f5f7b80923510a45af4b4e05ac,h28v08,408218,3812256,2015
1311308,"[3808, 0, 4800, 2403]",64,-1,2015-03-05,2015-02-18,49,0.476522,0.3488,0.4774,0.587025,True,data/raw/mod13q1/MOD13Q1/MOD13Q1.A2015049.h28v09.061.2021320115936.hdf,0.009665,2044,9c6da93b1d72976906a2deec741a892279e904cb9c5fffc7b5f06d8cee2309ea,h28v09,211475,2383776,2015
17368598,"[0, 957, 4583, 4800]",64,-1,2015-03-05,2015-02-18,49,0.527202,0.3741,0.5197,0.6928,True,data/raw/mod13q1/MOD13Q1/MOD13Q1.A2015049.h29v08.061.2021320115849.hdf,0.095645,761754,67867186b78260911395a92631d5f9be63feb258103836be7b5ac967c5c80f29,h29v08,7964413,17612469,2015
10999187,"[0, 0, 4583, 2403]",64,-1,2015-03-05,2015-02-18,49,0.518173,0.3456,0.5167,0.699,True,data/raw/mod13q1/MOD13Q1/MOD13Q1.A2015049.h29v09.061.2021320091739.hdf,0.171813,968072,5dabaeace58298b90676b74eaa02f5ef545efc55415f42673e683c6e1df01865,h29v09,5634446,11012949,2015
,,,,,,49,,,,,False,data/raw/mod13q1/MOD13Q1/MOD13Q1.A2015049.h30v08.061.2021320102751.hdf,,,,h30v08,,,2015
,,,,,,49,,,,,False,data/raw/mod13q1/MOD13Q1/MOD13Q1.A2015049.h30v09.061.2021320111624.hdf,,,,h30v09,,,2015
2495367,"[3808, 957, 4800, 4800]",80,-1,2015-03-21,2015-03-06,65,0.559715,0.3782,0.5682,0.7054,True,data/raw/mod13q1/MOD13Q1/MOD13Q1.A2015065.h28v08.061.2021321043509.hdf,0.081227,33137,979f9fa6a12445f4683f89e75ffdf8735cfa8fd8a82260149467324812b746f5,h28v08,407954,3812256,2015
1311308,"[3808, 0, 4800, 2403]",80,-1,2015-03-21,2015-03-06,65,0.532342,0.39641,0.5298,0.678335,True,data/raw/mod13q1/MOD13Q1/MOD13Q1.A2015065.h28v09.061.2021321044949.hdf,0.007355,1552,72596527aa9c8ff0587e58123ad4cad092cd126c8c5a70171302f1460da86f01,h28v09,211010,2383776,2015
17368598,"[0, 957, 4583, 4800]",80,-1,2015-03-21,2015-03-06,65,0.5774,0.404,0.5897,0.7235,True,data/raw/mod13q1/MOD13Q1/MOD13Q1.A2015065.h29v08.061.2021321042102.hdf,0.206837,1646962,0b5d2925758a5c3ff54db225b598e97853893f20072b1d7d5ab67b29c8c121fe,h29v08,7962593,17612469,2015
10999187,"[0, 0, 4583, 2403]",80,-1,2015-03-21,2015-03-06,65,0.57152,0.3873,0.5756,0.7269,True,data/raw/mod13q1/MOD13Q1/MOD13Q1.A2015065.h29v09.061.2021321044322.hdf,0.072986,411451,a840253172b8441d45ec4fc240303139e1ac37e03310a73e27376d618317cca8,h29v09,5637391,11012949,2015
,,,,,,65,,,,,False,data/raw/mod13q1/MOD13Q1/MOD13Q1.A2015065.h30v08.061.2021321060629.hdf,,,,h30v08,,,2015
,,,,,,65,,,,,False,data/raw/mod13q1/MOD13Q1/MOD13Q1.A2015065.h30v09.061.2021321055400.hdf,,,,h30v09,,,2015
2495367,"[3808, 957, 4800, 4800]",96,-1,2015-04-06,2015-03-22,81,0.52556,0.3316,0.5425,0.6556,True,data/raw/mod13q1/MOD13Q1/MOD13Q1.A2015081.h28v08.061.2021321195341.hdf,0.039566,16153,e5f1e5daef37068f85f2b24f0e9772921b73932e9d4725b0e80e4c159367d3d2,h28v08,408257,3812256,2015
1311308,"[3808, 0, 4800, 2403]",96,-1,2015-04-06,2015-03-22,81,0.564021,0.40751,0.5557,0.72389,True,data/raw/mod13q1/MOD13Q1/MOD13Q1.A2015081.h28v09.061.2021321200009.hdf,0.019076,4043,3ff0ce34e8ce091030f94613c6a09e358d3ab6af4422898b309734dfa7f2f7b7,h28v09,211940,2383776,2015
17368598,"[0, 957, 4583, 4800]",96,-1,2015-04-06,2015-03-22,81,0.531097,0.3666,0.5328,0.6914,True,data/raw/mod13q1/MOD13Q1/MOD13Q1.A2015081.h29v08.061.2021321200019.hdf,0.236779,1884974,b3463284182cbdf31e609521ad6e59e1fe238f58a3a45c4d44cf8e4dfd67c2c0,h29v08,7960908,17612469,2015
10999187,"[0, 0, 4583, 2403]",96,-1,2015-04-06,2015-03-22,81,0.499722,0.2656,0.5129,0.6767,True,data/raw/mod13q1/MOD13Q1/MOD13Q1.A2015081.h29v09.061.2021321194124.hdf,0.171073,963961,20b7fc81b45776f91a81280ff6191237cdda250c4a6a9f089120cebfd18a4d97,h29v09,5634802,11012949,2015
,,,,,,81,,,,,False,data/raw/mod13q1/MOD13Q1/MOD13Q1.A2015081.h30v08.061.2021321195540.hdf,,,,h30v08,,,2015
,,,,,,81,,,,,False,data/raw/mod13q1/MOD13Q1/MOD13Q1.A2015081.h30v09.061.2021321195349.hdf,,,,h30v09,,,2015
2495367,"[3808, 957, 4800, 4800]",112,-1,2015-04-22,2015-04-07,97,0.518587,0.322,0.5372,0.6436,True,data/raw/mod13q1/MOD13Q1/MOD13Q1.A2015097.h28v08.061.2021323020416.hdf,0.17906,73032,95cf7e2a0221c99293b867a88c8bf56661720e7ea632445f34d9c695f27a4f96,h28v08,407863,3812256,2015
1311308,"[3808, 0, 4800, 2403]",112,-1,2015-04-22,2015-04-07,97,0.495371,0.3778,0.4941,0.60585,True,data/raw/mod13q1/MOD13Q1/MOD13Q1.A2015097.h28v09.061.2021323020956.hdf,0.066977,14131,70bd493cb2c017972cb9444f26cddf7523ed54e05e80372181cb6a8b595058bc,h28v09,210982,2383776,2015
17368598,"[0, 957, 4583, 4800]",112,-1,2015-04-22,2015-04-07,97,0.516536,0.3737,0.5108,0.6698,True,data/raw/mod13q1/MOD13Q1/MOD13Q1.A2015097.h29v08.061.2021323020652.hdf,0.127668,1016032,8331a7c165aa71764dd375af0620c2598cc56b0179a80608d2079f75ace456d0,h29v08,7958418,17612469,2015
10999187,"[0, 0, 4583, 2403]",112,-1,2015-04-22,2015-04-07,97,0.518863,0.2873,0.5379,0.6774,True,data/raw/mod13q1/MOD13Q1/MOD13Q1.A2015097.h29v09.061.2021323020035.hdf,0.189781,1069342,45db8c140b9b5880ec9be6d9d1b5a3c9b9db6a2c095d8e449bfd983ff20f063a,h29v09,5634621,11012949,2015
,,,,,,97,,,,,False,data/raw/mod13q1/MOD13Q1/MOD13Q1.A2015097.h30v08.061.2021323020418.hdf,,,,h30v08,,,2015
,,,,,,97,,,,,False,data/raw/mod13q1/MOD13Q1/MOD13Q1.A2015097.h30v09.061.2021323020113.hdf,,,,h30v09,,,2015
2495367,"[3808, 957, 4800, 4800]",128,-1,2015-05-08,2015-04-23,113,0.551362,0.3949,0.5593,0.6734,True,data/raw/mod13q1/MOD13Q1/MOD13Q1.A2015113.h28v08.061.2021323211418.hdf,0.383204,156349,c5796b54463bfe76de8c5ffdd4a80caf4069e440890f929051167dd2e246fe03,h28v08,408005,3812256,2015
1311308,"[3808, 0, 4800, 2403]",128,-1,2015-05-08,2015-04-23,113,0.506956,0.287515,0.51895,0.6541,True,data/raw/mod13q1/MOD13Q1/MOD13Q1.A2015113.h28v09.061.2021323201138.hdf,0.069055,14604,76ca36b4c046d54b9aef9d3cb85e9a2238b75f02f6cc3ef7e6b4cd8c4bd90711,h28v09,211483,2383776,2015
17368598,"[0, 957, 4583, 4800]",128,-1,2015-05-08,2015-04-23,113,0.539034,0.4028,0.5434,0.6624,True,data/raw/mod13q1/MOD13Q1/MOD13Q1.A2015113.h29v08.061.2021323213829.hdf,0.186391,1483849,47942db63aed838feee1044cb83ad6b6ed9cce6c371140282b8838f63727bc11,h29v08,7960963,17612469,2015
10999187,"[0, 0, 4583, 2403]",128,-1,2015-05-08,2015-04-23,113,0.545152,0.3352,0.5658,0.6789,True,data/raw/mod13q1/MOD13Q1/MOD13Q1.A2015113.h29v09.061.2021323210938.hdf,0.203278,1145555,4b297bb56b100488b2bc74a9c642d36d9735fce1cb023da8487ce051ef1aedb4,h29v09,5635413,11012949,2015
,,,,,,113,,,,,False,data/raw/mod13q1/MOD13Q1/MOD13Q1.A2015113.h30v08.061.2021323212838.hdf,,,,h30v08,,,2015
,,,,,,113,,,,,False,data/raw/mod13q1/MOD13Q1/MOD13Q1.A2015113.h30v09.061.2021323212309.hdf,,,,h30v09,,,2015
2495367,"[3808, 957, 4800, 4800]",143,-1,2015-05-24,2015-05-09,129,0.531696,0.3737,0.5352,0.6622,True,data/raw/mod13q1/MOD13Q1/MOD13Q1.A2015129.h28v08.061.2021326015327.hdf,0.435543,177665,0aa473511d4464ec0c1461c1c020265a7ea266c1a523e747ac295301a334b599,h28v08,407916,3812256,2015
1311308,"[3808, 0, 4800, 2403]",144,-1,2015-05-24,2015-05-09,129,0.578163,0.4386,0.5884,0.6838,True,data/raw/mod13q1/MOD13Q1/MOD13Q1.A2015129.h28v09.061.2021326020513.hdf,0.283295,59780,97012f31c26c3cd18dfc3991273ae8a0c8983fd74ca360816b94d428f77dbb4b,h28v09,211017,2383776,2015
17368598,"[0, 957, 4583, 4800]",144,-1,2015-05-24,2015-05-09,129,0.551369,0.4073,0.5575,0.6776,True,data/raw/mod13q1/MOD13Q1/MOD13Q1.A2015129.h29v08.061.2021326020507.hdf,0.134328,1069027,b4f3f41800406026ac86910f269f6efda200397f85d5546d855b3dfc75abf439,h29v08,7958346,17612469,2015
10999187,"[0, 0, 4583, 2403]",144,-1,2015-05-24,2015-05-09,129,0.532463,0.3592,0.5457,0.6598,True,data/raw/mod13q1/MOD13Q1/MOD13Q1.A2015129.h29v09.061.2021326015711.hdf,0.138814,781944,1f9167b05c37d6f43acccaf60068952d0f7c5337ae32b54d101ce6e2c6780770,h29v09,5633016,11012949,2015
,,,,,,129,,,,,False,data/raw/mod13q1/MOD13Q1/MOD13Q1.A2015129.h30v08.061.2021326015447.hdf,,,,h30v08,,,2015
,,,,,,129,,,,,False,data/raw/mod13q1/MOD13Q1/MOD13Q1.A2015129.h30v09.061.2021326020504.hdf,,,,h30v09,,,2015
2495367,"[3808, 957, 4800, 4800]",160,-1,2015-06-09,2015-05-25,145,0.524557,0.3983,0.5294,0.6429,True,data/raw/mod13q1/MOD13Q1/MOD13Q1.A2015145.h28v08.061.2021326081703.hdf,0.290733,118643,d994b03e2dd99244573fd3aff3d3fd646216180ca302d697923804355d74ef0b,h28v08,408082,3812256,2015
1311308,"[3808, 0, 4800, 2403]",160,-1,2015-06-09,2015-05-25,145,0.517377,0.4034,0.5063,0.66744,True,data/raw/mod13q1/MOD13Q1/MOD13Q1.A2015145.h28v09.061.2021326084240.hdf,0.109281,23073,7eef0883b3b4c045a856f55b3bfaebaf21aeaeb897dee1b4c7ade25426d76d80,h28v09,211134,2383776,2015
17368598,"[0, 957, 4583, 4800]",160,-1,2015-06-09,2015-05-25,145,0.531851,0.3932,0.5389,0.657,True,data/raw/mod13q1/MOD13Q1/MOD13Q1.A2015145.h29v08.061.2021326080401.hdf,0.267926,2132060,88f44e0a224b4da4299ee9f63ddd11097e60c5c281859d5307a7af40698e319e,h29v08,7957635,17612469,2015
10999187,"[0, 0, 4583, 2403]",160,-1,2015-06-09,2015-05-25,145,0.53445,0.3449,0.5522,0.6615,True,data/raw/mod13q1/MOD13Q1/MOD13Q1.A2015145.h29v09.061.2021326081417.hdf,0.275292,1550753,658c383fb7a9406da76b77e466dae73a62287e211a8d0267a8e95409ec29b4f4,h29v09,5633115,11012949,2015
,,,,,,145,,,,,False,data/raw/mod13q1/MOD13Q1/MOD13Q1.A2015145.h30v08.061.2021326084551.hdf,,,,h30v08,,,2015
,,,,,,145,,,,,False,data/raw/mod13q1/MOD13Q1/MOD13Q1.A2015145.h30v09.061.2021326082524.hdf,,,,h30v09,,,2015
2495367,"[3808, 957, 4800, 4800]",176,-1,2015-06-25,2015-06-10,161,0.541963,0.381,0.5548,0.6633,True,data/raw/mod13q1/MOD13Q1/MOD13Q1.A2015161.h28v08.061.2021326134851.hdf,0.500244,204053,5f2f08cef4f798a3527567fe056066295d934af5758d61cfbe977a095fb739c5,h28v08,407907,3812256,2015
1311308,"[3808, 0, 4800, 2403]",176,-1,2015-06-25,2015-06-10,161,0.539512,0.3915,0.545,0.6564,True,data/raw/mod13q1/MOD13Q1/MOD13Q1.A2015161.h28v09.061.2021326140137.hdf,0.590046,124436,132df2bb18eefaeac12b010e2bbafaa1e53ba2faf6b23be8e7864b122ea0a01f,h28v09,210892,2383776,2015
17368598,"[0, 957, 4583, 4800]",176,-1,2015-06-25,2015-06-10,161,0.543347,0.4166,0.5468,0.6575,True,data/raw/mod13q1/MOD13Q1/MOD13Q1.A2015161.h29v08.061.2021326132008.hdf,0.183794,1462912,90dd5d1603220e6f0e384794c9060e0e47194b0b8820e12e6fe47f6b6e81c4e8,h29v08,7959530,17612469,2015
10999187,"[0, 0, 4583, 2403]",176,-1,2015-06-25,2015-06-10,161,0.52312,0.376,0.5311,0.6424,True,data/raw/mod13q1/MOD13Q1/MOD13Q1.A2015161.h29v09.061.2021326140552.hdf,0.084249,474937,9c5dbc635e3617d8d4c67989e66e998f72932e0110e37c912c8a0cf49ea032e1,h29v09,5637289,11012949,2015
,,,,,,161,,,,,False,data/raw/mod13q1/MOD13Q1/MOD13Q1.A2015161.h30v08.061.2021326142255.hdf,,,,h30v08,,,2015
,,,,,,161,,,,,False,data/raw/mod13q1/MOD13Q1/MOD13Q1.A2015161.h30v09.061.2021326125618.hdf,,,,h30v09,,,2015
2495367,"[3808, 957, 4800, 4800]",192,-1,2015-07-11,2015-06-26,177,0.542302,0.387755,0.5527,0.6572,True,data/raw/mod13q1/MOD13Q1/MOD13Q1.A2015177.h28v08.061.2021327185853.hdf,0.595133,242812,01bc66f2cac00b296e604f27600b8ce226bf47da61b104621a5edf2e58fe1846,h28v08,407996,3812256,2015
1311308,"[3808, 0, 4800, 2403]",192,-1,2015-07-11,2015-06-26,177,0.57079,0.4242,0.5822,0.6711,True,data/raw/mod13q1/MOD13Q1/MOD13Q1.A2015177.h28v09.061.2021327203840.hdf,0.554421,117076,7c55a0a2ea4440ea1491b36945152e6e992f6328cb9f3e70cbfc6f7a41112c80,h28v09,211168,2383776,2015
17368598,"[0, 957, 4583, 4800]",192,-1,2015-07-11,2015-06-26,177,0.528256,0.4089,0.5305,0.6448,True,data/raw/mod13q1/MOD13Q1/MOD13Q1.A2015177.h29v08.061.2021327204509.hdf,0.458637,3651792,b4da228a787a112818f99d93fa9c2511584f82de4957bb65071e57baa2977651,h29v08,7962273,17612469,2015
10999187,"[0, 0, 4583, 2403]",192,-1,2015-07-11,2015-06-26,177,0.507215,0.3599,0.514,0.6323,True,data/raw/mod13q1/MOD13Q1/MOD13Q1.A2015177.h29v09.061.2021327204935.hdf,0.457142,2575303,96fabb8fa2a089b9874e7fb9ba5f21674c9ffe17080c9451829cf6f3e5dc152f,h29v09,5633484,11012949,2015
,,,,,,177,,,,,False,data/raw/mod13q1/MOD13Q1/MOD13Q1.A2015177.h30v08.061.2021327172755.hdf,,,,h30v08,,,2015
,,,,,,177,,,,,False,data/raw/mod13q1/MOD13Q1/MOD13Q1.A2015177.h30v09.061.2021327184429.hdf,,,,h30v09,,,2015
2495367,"[3808, 957, 4800, 4800]",208,-1,2015-07-27,2015-07-12,193,0.5384,0.3987,0.5481,0.6415,True,data/raw/mod13q1/MOD13Q1/MOD13Q1.A2015193.h28v08.061.2021329031441.hdf,0.425653,173675,586e1279ec6ce4b8cff6383a25571b5e83f013b3373451d932259bc063d37d94,h28v08,408020,3812256,2015
1311308,"[3808, 0, 4800, 2403]",208,-1,2015-07-27,2015-07-12,193,0.526045,0.3992,0.5271,0.6444,True,data/raw/mod13q1/MOD13Q1/MOD13Q1.A2015193.h28v09.061.2021329032444.hdf,0.237319,50070,35203f4c59a50731e99a3005d8ee7e5bffa7d20d380984537412a34bb743d775,h28v09,210982,2383776,2015
17368598,"[0, 957, 4583, 4800]",208,-1,2015-07-27,2015-07-12,193,0.538103,0.4078,0.5413,0.6633,True,data/raw/mod13q1/MOD13Q1/MOD13Q1.A2015193.h29v08.061.2021329031125.hdf,0.314083,2500052,ce4e16d13eea0469f67fe10e0c8a1eb0a84b4cd7e4e9a6535109a4ee2ade8a26,h29v08,7959854,17612469,2015
10999187,"[0, 0, 4583, 2403]",208,-1,2015-07-27,2015-07-12,193,0.501843,0.3525,0.5087,0.6303,True,data/raw/mod13q1/MOD13Q1/MOD13Q1.A2015193.h29v09.061.2021329032135.hdf,0.270285,1523018,17efce78b4d809a626a117c09d7f3cf9a9ca61f9a3e95f82d2f51f258043ef03,h29v09,5634856,11012949,2015
,,,,,,193,,,,,False,data/raw/mod13q1/MOD13Q1/MOD13Q1.A2015193.h30v08.061.2021329031534.hdf,,,,h30v08,,,2015
,,,,,,193,,,,,False,data/raw/mod13q1/MOD13Q1/MOD13Q1.A2015193.h30v09.061.2021329032307.hdf,,,,h30v09,,,2015
2495367,"[3808, 957, 4800, 4800]",223,-1,2015-08-12,2015-07-28,209,0.511552,0.3717,0.52035,0.6208,True,data/raw/mod13q1/MOD13Q1/MOD13Q1.A2015209.h28v08.061.2021329190311.hdf,0.627261,255846,93154ad0933d6d285a271c860179a9d7cc4a9f3298a4684e1198b6b8e6513901,h28v08,407878,3812256,2015
1311308,"[3808, 0, 4800, 2403]",223,-1,2015-08-12,2015-07-28,209,0.568738,0.4169,0.5868,0.6713,True,data/raw/mod13q1/MOD13Q1/MOD13Q1.A2015209.h28v09.061.2021329185424.hdf,0.474934,100279,145ffb2277f43c53f93f07615237e5285df2c954225d525c1d4013d0aaedf3dc,h28v09,211143,2383776,2015
17368598,"[0, 957, 4583, 4800]",224,-1,2015-08-12,2015-07-28,209,0.570992,0.4281,0.5828,0.6748,True,data/raw/mod13q1/MOD13Q1/MOD13Q1.A2015209.h29v08.061.2021329191721.hdf,0.158478,1261389,53ff48849f9ad3e5026c40954cc1aa3b22e3991e13b99cd7d23932cc0c44f2f7,h29v08,7959414,17612469,2015
10999187,"[0, 0, 4583, 2403]",224,-1,2015-08-12,2015-07-28,209,0.511175,0.3341,0.523,0.6475,True,data/raw/mod13q1/MOD13Q1/MOD13Q1.A2015209.h29v09.061.2021329190854.hdf,0.282094,1590258,5ed8e21bb22503e5ab9cdfb6ccb405c53485a795754245d33225424cd953e90e,h29v09,5637331,11012949,2015
,,,,,,209,,,,,False,data/raw/mod13q1/MOD13Q1/MOD13Q1.A2015209.h30v08.061.2021329235406.hdf,,,,h30v08,,,2015
,,,,,,209,,,,,False,data/raw/mod13q1/MOD13Q1/MOD13Q1.A2015209.h30v09.061.2021329190417.hdf,,,,h30v09,,,2015
2495367,"[3808, 957, 4800, 4800]",240,-1,2015-08-28,2015-08-13,225,0.575225,0.4309,0.5762,0.6993,True,data/raw/mod13q1/MOD13Q1/MOD13Q1.A2015225.h28v08.061.2021331162730.hdf,0.20021,81713,57e28388f95e7d0d896dd6275075cb54775cff7c30525108bec746f8941d1af1,h28v08,408136,3812256,2015
1311308,"[3808, 0, 4800, 2403]",240,-1,2015-08-28,2015-08-13,225,0.54163,0.373015,0.5587,0.6538,True,data/raw/mod13q1/MOD13Q1/MOD13Q1.A2015225.h28v09.061.2021331161912.hdf,0.148307,31344,462f7dab4c6041050d75aad85221d2abc38f362cacb516e2e054a8fa08c16b1a,h28v09,211345,2383776,2015
17368598,"[0, 957, 4583, 4800]",240,-1,2015-08-28,2015-08-13,225,0.580412,0.4463,0.59,0.6906,True,data/raw/mod13q1/MOD13Q1/MOD13Q1.A2015225.h29v08.061.2021331163108.hdf,0.072571,577965,f1a3e5e104865df8114b7f12d16e33b0c687db5b792aafb26a6a0c6e740303fa,h29v08,7964109,17612469,2015
10999187,"[0, 0, 4583, 2403]",240,-1,2015-08-28,2015-08-13,225,0.474201,0.2825,0.4767,0.6345,True,data/raw/mod13q1/MOD13Q1/MOD13Q1.A2015225.h29v09.061.2021331161656.hdf,0.163716,922825,4043fe9283c6eba4dd7c175681541e486ec038a2db8c660bd36d96d1801238b9,h29v09,5636745,11012949,2015
,,,,,,225,,,,,False,data/raw/mod13q1/MOD13Q1/MOD13Q1.A2015225.h30v08.061.2021331161851.hdf,,,,h30v08,,,2015
,,,,,,225,,,,,False,data/raw/mod13q1/MOD13Q1/MOD13Q1.A2015225.h30v09.061.2021331163739.hdf,,,,h30v09,,,2015
2495367,"[3808, 957, 4800, 4800]",256,-1,2015-09-13,2015-08-29,241,0.605504,0.47185,0.60405,0.7137,True,data/raw/mod13q1/MOD13Q1/MOD13Q1.A2015241.h28v08.061.2021331193721.hdf,0.007054,2876,af3d1409cb117ea2bf824ba937283e8b4fbf521e019fb503a42d01af35ded5cf,h28v08,407711,3812256,2015
1311308,"[3808, 0, 4800, 2403]",256,-1,2015-09-13,2015-08-29,241,,,,,True,data/raw/mod13q1/MOD13Q1/MOD13Q1.A2015241.h28v09.061.2021331193522.hdf,0.0,0,9e8818d2e2201bbbe3cf5697bee0c1af6a645fa7f5cc5b316e4f80e4b1e802eb,h28v09,211421,2383776,2015
17368598,"[0, 957, 4583, 4800]",256,-1,2015-09-13,2015-08-29,241,0.551701,0.4225,0.5492,0.6932,True,data/raw/mod13q1/MOD13Q1/MOD13Q1.A2015241.h29v08.061.2021331194939.hdf,0.042184,335889,c7ac6eac7425c18055936076a9fca2d0148a290d5a2be36c643b85235ea50841,h29v08,7962504,17612469,2015
10999187,"[0, 0, 4583, 2403]",256,-1,2015-09-13,2015-08-29,241,0.511478,0.2794,0.5374,0.6523,True,data/raw/mod13q1/MOD13Q1/MOD13Q1.A2015241.h29v09.061.2021331195000.hdf,0.181954,1025238,ea6503a501df8ce43aae54b952899622e6045acc8aa327085d25da5cbeef74aa,h29v09,5634606,11012949,2015
,,,,,,241,,,,,False,data/raw/mod13q1/MOD13Q1/MOD13Q1.A2015241.h30v08.061.2021331195744.hdf,,,,h30v08,,,2015
,,,,,,241,,,,,False,data/raw/mod13q1/MOD13Q1/MOD13Q1.A2015241.h30v09.061.2021331195822.hdf,,,,h30v09,,,2015
2495367,"[3808, 957, 4800, 4800]",272,-1,2015-09-29,2015-09-14,257,,,,,True,data/raw/mod13q1/MOD13Q1/MOD13Q1.A2015257.h28v08.061.2021332145353.hdf,0.0,0,a39b6ee3c9c53ccb5cd912806b976078cfa6715764c577cf98840c342a3a44bf,h28v08,408245,3812256,2015
1311308,"[3808, 0, 4800, 2403]",272,-1,2015-09-29,2015-09-14,257,,,,,True,data/raw/mod13q1/MOD13Q1/MOD13Q1.A2015257.h28v09.061.2021332141658.hdf,0.0,0,6eb5f2e677e4b32e903d0f1dfe0d9214f5751d2dd376da81ed99d745434c67ba,h28v09,211281,2383776,2015
17368598,"[0, 957, 4583, 4800]",272,-1,2015-09-29,2015-09-14,257,0.520412,0.4135,0.5213,0.6217,True,data/raw/mod13q1/MOD13Q1/MOD13Q1.A2015257.h29v08.061.2021332150615.hdf,0.017693,140951,62388087b303c97fc9113aee5f15b92b2ba4e30b43cd7f708cbc53a4fc46758b,h29v08,7966656,17612469,2015
10999187,"[0, 0, 4583, 2403]",272,-1,2015-09-29,2015-09-14,257,0.436425,0.2175,0.4479,0.6306,True,data/raw/mod13q1/MOD13Q1/MOD13Q1.A2015257.h29v09.061.2021332141102.hdf,0.071634,403734,5966951957244145c652785c9885dc61ca15937ce78d7e1361947a72e790f7a6,h29v09,5636046,11012949,2015
,,,,,,257,,,,,False,data/raw/mod13q1/MOD13Q1/MOD13Q1.A2015257.h30v08.061.2021332145734.hdf,,,,h30v08,,,2015
,,,,,,257,,,,,False,data/raw/mod13q1/MOD13Q1/MOD13Q1.A2015257.h30v09.061.2021332140805.hdf,,,,h30v09,,,2015
2495367,"[3808, 957, 4800, 4800]",288,-1,2015-10-15,2015-09-30,273,,,,,True,data/raw/mod13q1/MOD13Q1/MOD13Q1.A2015273.h28v08.061.2021333105435.hdf,0.0,0,dc9f2b71dbfc04bbfc2e25342fece71e3876e447396aa0451fedd32e4ecb7097,h28v08,408085,3812256,2015
1311308,"[3808, 0, 4800, 2403]",288,-1,2015-10-15,2015-09-30,273,,,,,True,data/raw/mod13q1/MOD13Q1/MOD13Q1.A2015273.h28v09.061.2021333105734.hdf,0.0,0,4a984603f35940077764827caa1c40d0469e30d1568ceb767adc190e0cf88893,h28v09,211102,2383776,2015
17368598,"[0, 957, 4583, 4800]",288,-1,2015-10-15,2015-09-30,273,0.50019,0.4059,0.4897,0.6391,True,data/raw/mod13q1/MOD13Q1/MOD13Q1.A2015273.h29v08.061.2021333104528.hdf,0.139618,1111831,594ace87e2c559bfac33db5c397bccd8b2a674ce8fbfee2d1572f2f439f04cf1,h29v08,7963396,17612469,2015
10999187,"[0, 0, 4583, 2403]",288,-1,2015-10-15,2015-09-30,273,0.43119,0.1947,0.4562,0.6079,True,data/raw/mod13q1/MOD13Q1/MOD13Q1.A2015273.h29v09.061.2021333112348.hdf,0.072372,407811,802dc19076b671cbb4c303896ca140ad4864f7530f093c583a71470a37a7c019,h29v09,5634920,11012949,2015
,,,,,,273,,,,,False,data/raw/mod13q1/MOD13Q1/MOD13Q1.A2015273.h30v08.061.2021333112742.hdf,,,,h30v08,,,2015
,,,,,,273,,,,,False,data/raw/mod13q1/MOD13Q1/MOD13Q1.A2015273.h30v09.061.2021333113248.hdf,,,,h30v09,,,2015
2495367,"[3808, 957, 4800, 4800]",304,-1,2015-10-31,2015-10-16,289,,,,,True,data/raw/mod13q1/MOD13Q1/MOD13Q1.A2015289.h28v08.061.2021335225148.hdf,0.0,0,c7a041f32cf85cde945bb5d800cea004b9ab0ca54a767795619570d09f2c332d,h28v08,407907,3812256,2015
1311308,"[3808, 0, 4800, 2403]",304,-1,2015-10-31,2015-10-16,289,,,,,True,data/raw/mod13q1/MOD13Q1/MOD13Q1.A2015289.h28v09.061.2021335224319.hdf,0.0,0,ae296bbd1f307628cab897468c70c6e76a2428728ed6779afe881b3f65c0d51a,h28v09,211144,2383776,2015
17368598,"[0, 957, 4583, 4800]",304,-1,2015-10-31,2015-10-16,289,0.567188,0.4192,0.577,0.6851,True,data/raw/mod13q1/MOD13Q1/MOD13Q1.A2015289.h29v08.061.2021335224959.hdf,0.018295,145732,8cf771a37bbfaae3a8ee332b79bf3c1bbef153fa4b5a86e587fdadbde94b7eeb,h29v08,7965773,17612469,2015
10999187,"[0, 0, 4583, 2403]",304,-1,2015-10-31,2015-10-16,289,0.41937,0.1963,0.4393,0.5943,True,data/raw/mod13q1/MOD13Q1/MOD13Q1.A2015289.h29v09.061.2021335225025.hdf,0.032674,184141,5de961765bdd196bff4af628033e0f40f71eee21ce4c5cb662bb59bb72209376,h29v09,5635672,11012949,2015
,,,,,,289,,,,,False,data/raw/mod13q1/MOD13Q1/MOD13Q1.A2015289.h30v08.061.2021335225520.hdf,,,,h30v08,,,2015
,,,,,,289,,,,,False,data/raw/mod13q1/MOD13Q1/MOD13Q1.A2015289.h30v09.061.2021335225547.hdf,,,,h30v09,,,2015
2495367,"[3808, 957, 4800, 4800]",320,-1,2015-11-16,2015-11-01,305,0.565477,0.4298,0.5617,0.6979,True,data/raw/mod13q1/MOD13Q1/MOD13Q1.A2015305.h28v08.061.2021336140852.hdf,0.144715,59071,a54c3eb04a21cb1045cbf58f4007a48f07280b48bbef7302e5fabc5b69d608c1,h28v08,408189,3812256,2015
1311308,"[3808, 0, 4800, 2403]",320,-1,2015-11-16,2015-11-01,305,0.562207,0.36109,0.5734,0.6953,True,data/raw/mod13q1/MOD13Q1/MOD13Q1.A2015305.h28v09.061.2021336141222.hdf,0.296187,62319,fc5b6ea79b9b34a8e01cd5a269cc1e6f8222fa409e9caef13fa8b862f1db762e,h28v09,210404,2383776,2015
17368598,"[0, 957, 4583, 4800]",320,-1,2015-11-16,2015-11-01,305,0.530205,0.4002,0.5335,0.657,True,data/raw/mod13q1/MOD13Q1/MOD13Q1.A2015305.h29v08.061.2021336140905.hdf,0.060727,483391,39de5881069ee5bce20a3f8189ada3d1c3da87b6e949a335c72c2f25970c9f6a,h29v08,7960083,17612469,2015
10999187,"[0, 0, 4583, 2403]",320,-1,2015-11-16,2015-11-01,305,0.495821,0.2341,0.5259,0.6629,True,data/raw/mod13q1/MOD13Q1/MOD13Q1.A2015305.h29v09.061.2021336140630.hdf,0.047622,268340,f2c47ab49131a0d30d000068ea89e7093b15114d078660d443200dcd9b7372fc,h29v09,5634778,11012949,2015
,,,,,,305,,,,,False,data/raw/mod13q1/MOD13Q1/MOD13Q1.A2015305.h30v08.061.2021336140208.hdf,,,,h30v08,,,2015
,,,,,,305,,,,,False,data/raw/mod13q1/MOD13Q1/MOD13Q1.A2015305.h30v09.061.2021336140710.hdf,,,,h30v09,,,2015
2495367,"[3808, 957, 4800, 4800]",336,-1,2015-12-02,2015-11-17,321,0.599573,0.461355,0.6122,0.692445,True,data/raw/mod13q1/MOD13Q1/MOD13Q1.A2015321.h28v08.061.2021337060008.hdf,0.03574,14592,feb6eddbe8377410e520b7fb37434f7b5a120c213a993062ce4cb600c2f4d8d9,h28v08,408283,3812256,2015
1311308,"[3808, 0, 4800, 2403]",336,-1,2015-12-02,2015-11-17,321,0.510176,0.290945,0.5287,0.6394,True,data/raw/mod13q1/MOD13Q1/MOD13Q1.A2015321.h28v09.061.2021337060753.hdf,0.28392,60010,d5c5bdf535fd60c2e9e16b6d338f45e99f8490662873504b84792590eb5b21ff,h28v09,211362,2383776,2015
17368598,"[0, 957, 4583, 4800]",336,-1,2015-12-02,2015-11-17,321,0.546664,0.4019,0.5584,0.6646,True,data/raw/mod13q1/MOD13Q1/MOD13Q1.A2015321.h29v08.061.2021337055635.hdf,0.085093,677233,5486286b14a8191c0f4adcc67656a5ed46eab9035401df71685bda5474c51995,h29v08,7958735,17612469,2015
10999187,"[0, 0, 4583, 2403]",336,-1,2015-12-02,2015-11-17,321,0.471115,0.2223,0.5009,0.6395,True,data/raw/mod13q1/MOD13Q1/MOD13Q1.A2015321.h29v09.061.2021337061523.hdf,0.064563,363772,b8d5abace2bc424880de03e7e3a96cce7d4b3fb505bc292cd868d35768028c80,h29v09,5634366,11012949,2015
,,,,,,321,,,,,False,data/raw/mod13q1/MOD13Q1/MOD13Q1.A2015321.h30v08.061.2021337060606.hdf,,,,h30v08,,,2015
,,,,,,321,,,,,False,data/raw/mod13q1/MOD13Q1/MOD13Q1.A2015321.h30v09.061.2021337054309.hdf,,,,h30v09,,,2015
2495367,"[3808, 957, 4800, 4800]",352,-1,2015-12-18,2015-12-03,337,0.565843,0.4344,0.5689,0.68116,True,data/raw/mod13q1/MOD13Q1/MOD13Q1.A2015337.h28v08.061.2021342135118.hdf,0.012678,5175,d69684f5b65abdc5dd1339849b5027830ac9dfe5a9e33f1ec075513f98a3d501,h28v08,408198,3812256,2015
1311308,"[3808, 0, 4800, 2403]",352,-1,2015-12-18,2015-12-03,337,0.550943,0.412835,0.5511,0.6838,True,data/raw/mod13q1/MOD13Q1/MOD13Q1.A2015337.h28v09.061.2021342134910.hdf,0.007041,1488,a7fba202a49b5b1e73586b9968a9fa02ab630b09a5f8b0120e4f926ab25c93e3,h28v09,211328,2383776,2015
17368598,"[0, 957, 4583, 4800]",352,-1,2015-12-18,2015-12-03,337,0.491697,0.3678,0.4941,0.6167,True,data/raw/mod13q1/MOD13Q1/MOD13Q1.A2015337.h29v08.061.2021342132042.hdf,0.067673,538867,3c68f8e049c76d6700066256c7c52b931e9dce1484913591bcbbc38f3f7d21fd,h29v08,7962789,17612469,2015
10999187,"[0, 0, 4583, 2403]",352,-1,2015-12-18,2015-12-03,337,0.493673,0.2263,0.517,0.6687,True,data/raw/mod13q1/MOD13Q1/MOD13Q1.A2015337.h29v09.061.2021342135017.hdf,0.031718,178820,15f68b9d61b603cc66eeed0cd1c2bb9250b40e52853fcfa35cbc800563ffa8d0,h29v09,5637803,11012949,2015
,,,,,,337,,,,,False,data/raw/mod13q1/MOD13Q1/MOD13Q1.A2015337.h30v08.061.2021342135437.hdf,,,,h30v08,,,2015
,,,,,,337,,,,,False,data/raw/mod13q1/MOD13Q1/MOD13Q1.A2015337.h30v09.061.2021342134958.hdf,,,,h30v09,,,2015
2495367,"[3808, 957, 4800, 4800]",365,-1,2016-01-03,2015-12-19,353,0.551165,0.4067,0.5648,0.6477,True,data/raw/mod13q1/MOD13Q1/MOD13Q1.A2015353.h28v08.061.2021342185117.hdf,0.747709,304942,85f2bfdd3e9a65a137a4c319cb1c90a03d037c8a21ad1f557b8be26d408ddebf,h28v08,407835,3812256,2015
1311308,"[3808, 0, 4800, 2403]",365,-1,2016-01-03,2015-12-19,353,0.521345,0.344,0.5307,0.6413,True,data/raw/mod13q1/MOD13Q1/MOD13Q1.A2015353.h28v09.061.2021342190149.hdf,0.487655,102942,904d3b21f8adc5f31beb450dfb526427a2f1e66461b9f2227a159d0cbfb56ab0,h28v09,211096,2383776,2015
17368598,"[0, 957, 4583, 4800]",365,-1,2016-01-03,2015-12-19,353,0.515276,0.3919,0.5156,0.6478,True,data/raw/mod13q1/MOD13Q1/MOD13Q1.A2015353.h29v08.061.2021342192928.hdf,0.189716,1509890,eb7567c2677bff72c8cc966769f6e001a06fb6691563bae0c781b74a7a89f7a1,h29v08,7958666,17612469,2015
10999187,"[0, 0, 4583, 2403]",365,-1,2016-01-03,2015-12-19,353,0.527755,0.2996,0.5442,0.6827,True,data/raw/mod13q1/MOD13Q1/MOD13Q1.A2015353.h29v09.061.2021342191314.hdf,0.236395,1331924,c4378a4746e0b59fbf2338e2d7549db80e36b034e1de828f224b33145bc10652,h29v09,5634308,11012949,2015
,,,,,,353,,,,,False,data/raw/mod13q1/MOD13Q1/MOD13Q1.A2015353.h30v08.061.2021342191931.hdf,,,,h30v08,,,2015
,,,,,,353,,,,,False,data/raw/mod13q1/MOD13Q1/MOD13Q1.A2015353.h30v09.061.2021342192358.hdf,,,,h30v09,,,2015
